time,rating,free_text,surgery,pcn,jev_sentiment,jev_sentiment_confidence,jev_primary_topic,jev_primary_topic_confidence,jev_secondary_topics,jev_secondary_topic_scores,jev_sentiment_strength,jev_sentiment_strength_confidence,jev_actionability,jev_actionability_confidence,jev_urgency,jev_urgency_confidence
8/23/24 15:48,Very good,Booking the appointment and the quality of the medical care were excellent,The-Chelsea-Practice,Brompton-Health-PCN,Positive,1.0,Overall Service and Practice,0.54,,"{""Appointment Availability and Lead Times"": 0.18, ""Clinical Assessment and Diagnosis"": 0.08, ""Consultation Communication and Listening"": 0.04, ""Digital Booking and Online Systems"": 0.17, ""Facilities, Cleanliness and Environment"": 0.03, ""Feedback and Complaints Handling"": 0.03, ""Follow-up and Continuity of Care"": 0.03, ""Mental Health Support"": 0.02, ""Overall Service and Practice"": 0.3, ""Patient Information and Education"": 0.03, ""Physical Accessibility"": 0.02, ""Prescriptions and Medication Management"": 0.02, ""Reception Service"": 0.31, ""Referral, Specialist and Hospital Coordination"": 0.02, ""Remote Consultation"": 0.02, ""Respect, Dignity, Privacy and Inclusion"": 0.02, ""Staff Kindness and Empathy"": 0.04, ""Staff Professionalism and Knowledge"": 0.1, ""Telephone Access"": 0.06, ""Tests, Investigations and Results"": 0.02, ""Treatment Effectiveness and Safety"": 0.13, ""Vaccinations and Immunisations"": 0.02, ""Waiting Time at the Surgery"": 0.03, ""Website and Practice Information"": 0.06}",2.8,0.83,0.0,1.0,0.0,1.0
6/22/24 21:53,Good,Friendly reception caring doctors and no issues whatsoever,Stanhope-Mews-Surgery,Brompton-Health-PCN,Positive,1.0,Staff Kindness and Empathy,0.43,Reception Service,"{""Appointment Availability and Lead Times"": 0.03, ""Clinical Assessment and Diagnosis"": 0.05, ""Consultation Communication and Listening"": 0.13, ""Digital Booking and Online Systems"": 0.02, ""Facilities, Cleanliness and Environment"": 0.03, ""Feedback and Complaints Handling"": 0.03, ""Follow-up and Continuity of Care"": 0.03, ""Mental Health Support"": 0.02, ""Overall Service and Practice"": 0.49, ""Patient Information and Education"": 0.04, ""Physical Accessibility"": 0.03, ""Prescriptions and Medication Management"": 0.02, ""Reception Service"": 0.8, ""Referral, Specialist and Hospital Coordination"": 0.02, ""Remote Consultation"": 0.02, ""Respect, Dignity, Privacy and Inclusion"": 0.06, ""Staff Kindness and Empathy"": 0.81, ""Staff Professionalism and Knowledge"": 0.3, ""Telephone Access"": 0.02, ""Tests, Investigations and Results"": 0.03, ""Treatment Effectiveness and Safety"": 0.14, ""Vaccinations and Immunisations"": 0.02, ""Waiting Time at the Surgery"": 0.03, ""Website and Practice Information"": 0.02}",2.73,0.76,0.0,1.0,0.0,1.0
9/5/25 13:21,Very good,I always feel well cared for at my GP Surgery,The-Abingdon-Medical-Practice,Brompton-Health-PCN,Positive,1.0,Staff Kindness and Empathy,0.57,,"{""Appointment Availability and Lead Times"": 0.02, ""Clinical Assessment and Diagnosis"": 0.03, ""Consultation Communication and Listening"": 0.06, ""Digital Booking and Online Systems"": 0.02, ""Facilities, Cleanliness and Environment"": 0.03, ""Feedback and Complaints Handling"": 0.03, ""Follow-up and Continuity of Care"": 0.09, ""Mental Health Support"": 0.02, ""Overall Service and Practice"": 0.43, ""Patient Information and Education"": 0.03, ""Physical Accessibility"": 0.02, ""Prescriptions and Medication Management"": 0.02, ""Reception Service"": 0.03, ""Referral, Specialist and Hospital Coordination"": 0.02, ""Remote Consultation"": 0.02, ""Respect, Dignity, Privacy and Inclusion"": 0.05, ""Staff Kindness and Empathy"": 0.27, ""Staff Professionalism and Knowledge"": 0.08, ""Telephone Access"": 0.02, ""Tests, Investigations and Results"": 0.02, ""Treatment Effectiveness and Safety"": 0.04, ""Vaccinations and Immunisations"": 0.02, ""Waiting Time at the Surgery"": 0.02, ""Website and Practice Information"": 0.02}",2.59,0.66,0.0,1.0,0.01,0.99
6/27/24 17:09,Very good,The service was smooth effective and polite,Health-Partners-at-Violet-Melchett,Brompton-Health-PCN,Positive,1.0,Overall Service and Practice,0.64,,"{""Appointment Availability and Lead Times"": 0.02, ""Clinical Assessment and Diagnosis"": 0.02, ""Consultation Communication and Listening"": 0.15, ""Digital Booking and Online Systems"": 0.02, ""Facilities, Cleanliness and Environment"": 0.02, ""Feedback and Complaints Handling"": 0.02, ""Follow-up and Continuity of Care"": 0.02, ""Mental Health Support"": 0.02, ""Overall Service and Practice"": 0.54, ""Patient Information and Education"": 0.03, ""Physical Accessibility"": 0.02, ""Prescriptions and Medication Management"": 0.02, ""Reception Service"": 0.1, ""Referral, Specialist and Hospital Coordination"": 0.02, ""Remote Consultation"": 0.02, ""Respect, Dignity, Privacy and Inclusion"": 0.06, ""Staff Kindness and Empathy"": 0.3, ""Staff Professionalism and Knowledge"": 0.3, ""Telephone Access"": 0.02, ""Tests, Investigations and Results"": 0.02, ""Treatment Effectiveness and Safety"": 0.24, ""Vaccinations and Immunisations"": 0.02, ""Waiting Time at the Surgery"": 0.03, ""Website and Practice Information"": 0.02}",2.09,0.91,0.0,1.0,0.0,1.0
6/3/24 12:20,Neither good nor poor,Lately it s not easy to get an appointment anymore Changed a Lot,The-Good-Practice,Brompton-Health-PCN,Negative,0.98,Appointment Availability and Lead Times,1.0,,"{""Appointment Availability and Lead Times"": 0.91, ""Clinical Assessment and Diagnosis"": 0.03, ""Consultation Communication and Listening"": 0.04, ""Digital Booking and Online Systems"": 0.04, ""Facilities, Cleanliness and Environment"": 0.02, ""Feedback and Complaints Handling"": 0.03, ""Follow-up and Continuity of Care"": 0.16, ""Mental Health Support"": 0.04, ""Overall Service and Practice"": 0.34, ""Patient Information and Education"": 0.03, ""Physical Accessibility"": 0.03, ""Prescriptions and Medication Management"": 0.02, ""Reception Service"": 0.32, ""Referral, Specialist and Hospital Coordination"": 0.03, ""Remote Consultation"": 0.02, ""Respect, Dignity, Privacy and Inclusion"": 0.02, ""Staff Kindness and Empathy"": 0.02, ""Staff Professionalism and Knowledge"": 0.02, ""Telephone Access"": 0.1, ""Tests, Investigations and Results"": 0.02, ""Treatment Effectiveness and Safety"": 0.02, ""Vaccinations and Immunisations"": 0.02, ""Waiting Time at the Surgery"": 0.23, ""Website and Practice Information"": 0.05}",1.81,0.81,2.05,0.58,1.41,0.41
9/14/26 10:33,Very good,From email to consultation was less than an hour It could not have been faster,Health-Partners-at-Violet-Melchett,Brompton-Health-PCN,Positive,1.0,Appointment Availability and Lead Times,0.98,,"{""Appointment Availability and Lead Times"": 0.8, ""Clinical Assessment and Diagnosis"": 0.04, ""Consultation Communication and Listening"": 0.1, ""Digital Booking and Online Systems"": 0.12, ""Facilities, Cleanliness and Environment"": 0.02, ""Feedback and Complaints Handling"": 0.1, ""Follow-up and Continuity of Care"": 0.07, ""Mental Health Support"": 0.04, ""Overall Service and Practice"": 0.32, ""Patient Information and Education"": 0.03, ""Physical Accessibility"": 0.02, ""Prescriptions and Medication Management"": 0.02, ""Reception Service"": 0.21, ""Referral, Specialist and Hospital Coordination"": 0.03, ""Remote Consultation"": 0.2, ""Respect, Dignity, Privacy and Inclusion"": 0.02, ""Staff Kindness and Empathy"": 0.03, ""Staff Professionalism and Knowledge"": 0.06, ""Telephone Access"": 0.04, ""Tests, Investigations and Results"": 0.02, ""Treatment Effectiveness and Safety"": 0.02, ""Vaccinations and Immunisations"": 0.01, ""Waiting Time at the Surgery"": 0.34, ""Website and Practice Information"": 0.03}",3.26,0.7,0.01,0.99,0.06,0.94
6/20/24 13:42,Very good,My doctor PERSON took the time to explain my concerns in great detail She prompted me to get a blood test based on my eating habits and allayed any fears that I had,Stanhope-Mews-Surgery,Brompton-Health-PCN,Positive,1.0,Consultation Communication and Listening,1.0,Clinical Assessment and Diagnosis | Staff Kindness and Empathy | Staff Professionalism and Knowledge | Patient Information and Education,"{""Appointment Availability and Lead Times"": 0.02, ""Clinical Assessment and Diagnosis"": 0.6, ""Consultation Communication and Listening"": 0.87, ""Digital Booking and Online Systems"": 0.01, ""Facilities, Cleanliness and Environment"": 0.02, ""Feedback and Complaints Handling"": 0.04, ""Follow-up and Continuity of Care"": 0.12, ""Mental Health Support"": 0.08, ""Overall Service and Practice"": 0.17, ""Patient Information and Education"": 0.89, ""Physical Accessibility"": 0.02, ""Prescriptions and Medication Management"": 0.03, ""Reception Service"": 0.02, ""Referral, Specialist and Hospital Coordination"": 0.03, ""Remote Consultation"": 0.02, ""Respect, Dignity, Privacy and Inclusion"": 0.13, ""Staff Kindness and Empathy"": 0.75, ""Staff Professionalism and Knowledge"": 0.81, ""Telephone Access"": 0.02, ""Tests, Investigations and Results"": 0.53, ""Treatment Effectiveness and Safety"": 0.11, ""Vaccinations and Immunisations"": 0.02, ""Waiting Time at the Surgery"": 0.02, ""Website and Practice Information"": 0.02}",2.79,0.82,0.03,0.97,0.05,0.95
7/17/25 9:30,Very good,Dr PERSON was very quick to deal with my problem and giving the right medication Thank you,Stanhope-Mews-Surgery,Brompton-Health-PCN,Positive,1.0,Treatment Effectiveness and Safety,0.5,Prescriptions and Medication Management,"{""Appointment Availability and Lead Times"": 0.19, ""Clinical Assessment and Diagnosis"": 0.1, ""Consultation Communication and Listening"": 0.11, ""Digital Booking and Online Systems"": 0.02, ""Facilities, Cleanliness and Environment"": 0.02, ""Feedback and Complaints Handling"": 0.04, ""Follow-up and Continuity of Care"": 0.04, ""Mental Health Support"": 0.04, ""Overall Service and Practice"": 0.2, ""Patient Information and Education"": 0.07, ""Physical Accessibility"": 0.02, ""Prescriptions and Medication Management"": 0.74, ""Reception Service"": 0.03, ""Referral, Specialist and Hospital Coordination"": 0.02, ""Remote Consultation"": 0.02, ""Respect, Dignity, Privacy and Inclusion"": 0.02, ""Staff Kindness and Empathy"": 0.15, ""Staff Professionalism and Knowledge"": 0.59, ""Telephone Access"": 0.02, ""Tests, Investigations and Results"": 0.02, ""Treatment Effectiveness and Safety"": 0.51, ""Vaccinations and Immunisations"": 0.02, ""Waiting Time at the Surgery"": 0.36, ""Website and Practice Information"": 0.02}",2.38,0.67,0.0,1.0,0.02,0.98
12/30/25 23:16,Very good,the doctor who saw me on that day gave me enough time to listen to all my problems I had on my health,The-Good-Practice,Brompton-Health-PCN,Positive,0.99,Consultation Communication and Listening,1.0,Staff Kindness and Empathy,"{""Appointment Availability and Lead Times"": 0.04, ""Clinical Assessment and Diagnosis"": 0.11, ""Consultation Communication and Listening"": 0.92, ""Digital Booking and Online Systems"": 0.01, ""Facilities, Cleanliness and Environment"": 0.02, ""Feedback and Complaints Handling"": 0.07, ""Follow-up and Continuity of Care"": 0.05, ""Mental Health Support"": 0.12, ""Overall Service and Practice"": 0.25, ""Patient Information and Education"": 0.11, ""Physical Accessibility"": 0.02, ""Prescriptions and Medication Management"": 0.02, ""Reception Service"": 0.02, ""Referral, Specialist and Hospital Coordination"": 0.02, ""Remote Consultation"": 0.02, ""Respect, Dignity, Privacy and Inclusion"": 0.23, ""Staff Kindness and Empathy"": 0.79, ""Staff Professionalism and Knowledge"": 0.46, ""Telephone Access"": 0.02, ""Tests, Investigations and Results"": 0.02, ""Treatment Effectiveness and Safety"": 0.03, ""Vaccinations and Immunisations"": 0.02, ""Waiting Time at the Surgery"": 0.06, ""Website and Practice Information"": 0.02}",1.92,0.86,0.01,0.99,0.01,0.99
7/18/25 17:05,Very good,Your exceptional service deserves recognition I would call you a hero Thank you for your dedication,Earls-Court-Medical-Centre,Brompton-Health-PCN,Positive,1.0,Overall Service and Practice,0.63,,"{""Appointment Availability and Lead Times"": 0.02, ""Clinical Assessment and Diagnosis"": 0.01, ""Consultation Communication and Listening"": 0.04, ""Digital Booking and Online Systems"": 0.01, ""Facilities, Cleanliness and Environment"": 0.02, ""Feedback and Complaints Handling"": 0.03, ""Follow-up and Continuity of Care"": 0.02, ""Mental Health Support"": 0.02, ""Overall Service and Practice"": 0.43, ""Patient Information and Education"": 0.02, ""Physical Accessibility"": 0.01, ""Prescriptions and Medication Management"": 0.01, ""Reception Service"": 0.06, ""Referral, Specialist and Hospital Coordination"": 0.02, ""Remote Consultation"": 0.02, ""Respect, Dignity, Privacy and Inclusion"": 0.02, ""Staff Kindness and Empathy"": 0.3, ""Staff Professionalism and Knowledge"": 0.17, ""Telephone Access"": 0.02, ""Tests, Investigations and Results"": 0.01, ""Treatment Effectiveness and Safety"": 0.02, ""Vaccinations and Immunisations"": 0.01, ""Waiting Time at the Surgery"": 0.02, ""Website and Practice Information"": 0.02}",3.95,0.96,0.0,1.0,0.08,0.92
5/23/26 14:33,Very good,I am very grateful and happy for all service,Earls-Court-Medical-Centre,Brompton-Health-PCN,Positive,1.0,Overall Service and Practice,0.99,,"{""Appointment Availability and Lead Times"": 0.02, ""Clinical Assessment and Diagnosis"": 0.02, ""Consultation Communication and Listening"": 0.04, ""Digital Booking and Online Systems"": 0.02, ""Facilities, Cleanliness and Environment"": 0.02, ""Feedback and Complaints Handling"": 0.02, ""Follow-up and Continuity of Care"": 0.02, ""Mental Health Support"": 0.02, ""Overall Service and Practice"": 0.44, ""Patient Information and Education"": 0.03, ""Physical Accessibility"": 0.02, ""Prescriptions and Medication Management"": 0.02, ""Reception Service"": 0.05, ""Referral, Specialist and Hospital Coordination"": 0.02, ""Remote Consultation"": 0.02, ""Respect, Dignity, Privacy and Inclusion"": 0.02, ""Staff Kindness and Empathy"": 0.15, ""Staff Professionalism and Knowledge"": 0.05, ""Telephone Access"": 0.02, ""Tests, Investigations and Results"": 0.02, ""Treatment Effectiveness and Safety"": 0.03, ""Vaccinations and Immunisations"": 0.02, ""Waiting Time at the Surgery"": 0.02, ""Website and Practice Information"": 0.02}",2.97,0.92,0.0,1.0,0.0,1.0
10/31/24 11:52,Very good,I used Patches at Midday Had a face to face appointment 2 hours later and was immediately reassured that there was no issue to worry about My appointment was also on time,Health-Partners-at-Violet-Melchett,Brompton-Health-PCN,Positive,0.92,Waiting Time at the Surgery,0.39,,"{""Appointment Availability and Lead Times"": 0.34, ""Clinical Assessment and Diagnosis"": 0.27, ""Consultation Communication and Listening"": 0.28, ""Digital Booking and Online Systems"": 0.03, ""Facilities, Cleanliness and Environment"": 0.02, ""Feedback and Complaints Handling"": 0.04, ""Follow-up and Continuity of Care"": 0.27, ""Mental Health Support"": 0.09, ""Overall Service and Practice"": 0.4, ""Patient Information and Education"": 0.28, ""Physical Accessibility"": 0.04, ""Prescriptions and Medication Management"": 0.17, ""Reception Service"": 0.13, ""Referral, Specialist and Hospital Coordination"": 0.03, ""Remote Consultation"": 0.04, ""Respect, Dignity, Privacy and Inclusion"": 0.03, ""Staff Kindness and Empathy"": 0.15, ""Staff Professionalism and Knowledge"": 0.24, ""Telephone Access"": 0.02, ""Tests, Investigations and Results"": 0.13, ""Treatment Effectiveness and Safety"": 0.45, ""Vaccinations and Immunisations"": 0.19, ""Waiting Time at the Surgery"": 0.62, ""Website and Practice Information"": 0.04}",1.9,0.8,0.33,0.67,0.48,0.52
11/26/25 22:54,Very good,Iam so happy with my doctor l been with her long time and always very helpful and as long time with my Gp registered,Stanhope-Mews-Surgery,Brompton-Health-PCN,Positive,1.0,Follow-up and Continuity of Care,0.65,,"{""Appointment Availability and Lead Times"": 0.02, ""Clinical Assessment and Diagnosis"": 0.03, ""Consultation Communication and Listening"": 0.13, ""Digital Booking and Online Systems"": 0.02, ""Facilities, Cleanliness and Environment"": 0.02, ""Feedback and Complaints Handling"": 0.02, ""Follow-up and Continuity of Care"": 0.55, ""Mental Health Support"": 0.02, ""Overall Service and Practice"": 0.25, ""Patient Information and Education"": 0.05, ""Physical Accessibility"": 0.02, ""Prescriptions and Medication Management"": 0.03, ""Reception Service"": 0.02, ""Referral, Specialist and Hospital Coordination"": 0.02, ""Remote Consultation"": 0.02, ""Respect, Dignity, Privacy and Inclusion"": 0.02, ""Staff Kindness and Empathy"": 0.37, ""Staff Professionalism and Knowledge"": 0.28, ""Telephone Access"": 0.02, ""Tests, Investigations and Results"": 0.02, ""Treatment Effectiveness and Safety"": 0.06, ""Vaccinations and Immunisations"": 0.02, ""Waiting Time at the Surgery"": 0.02, ""Website and Practice Information"": 0.03}",2.88,0.87,0.0,1.0,0.0,1.0
1/23/25 11:12,Very good,Very good and caring all the Dr and stuff,Stanhope-Mews-Surgery,Brompton-Health-PCN,Positive,1.0,Staff Kindness and Empathy,0.99,,"{""Appointment Availability and Lead Times"": 0.02, ""Clinical Assessment and Diagnosis"": 0.02, ""Consultation Communication and Listening"": 0.19, ""Digital Booking and Online Systems"": 0.02, ""Facilities, Cleanliness and Environment"": 0.03, ""Feedback and Complaints Handling"": 0.03, ""Follow-up and Continuity of Care"": 0.04, ""Mental Health Support"": 0.03, ""Overall Service and Practice"": 0.39, ""Patient Information and Education"": 0.04, ""Physical Accessibility"": 0.02, ""Prescriptions and Medication Management"": 0.02, ""Reception Service"": 0.04, ""Referral, Specialist and Hospital Coordination"": 0.02, ""Remote Consultation"": 0.02, ""Respect, Dignity, Privacy and Inclusion"": 0.06, ""Staff Kindness and Empathy"": 0.76, ""Staff Professionalism and Knowledge"": 0.24, ""Telephone Access"": 0.02, ""Tests, Investigations and Results"": 0.02, ""Treatment Effectiveness and Safety"": 0.04, ""Vaccinations and Immunisations"": 0.02, ""Waiting Time at the Surgery"": 0.02, ""Website and Practice Information"": 0.02}",2.5,0.58,0.0,1.0,0.01,0.99
8/25/26 9:29,Very good,For the two years since I joined the practice your responses from reception staff to doctors to diagnosis to joint patient Dr treatment decision and its implementation have been extraornarily excellent 81 years since 45or 49,Kensington-Park-Medical-Centre,Brompton-Health-PCN,Positive,0.98,Overall Service and Practice,0.69,,"{""Appointment Availability and Lead Times"": 0.03, ""Clinical Assessment and Diagnosis"": 0.38, ""Consultation Communication and Listening"": 0.29, ""Digital Booking and Online Systems"": 0.02, ""Facilities, Cleanliness and Environment"": 0.02, ""Feedback and Complaints Handling"": 0.05, ""Follow-up and Continuity of Care"": 0.23, ""Mental Health Support"": 0.02, ""Overall Service and Practice"": 0.55, ""Patient Information and Education"": 0.15, ""Physical Accessibility"": 0.02, ""Prescriptions and Medication Management"": 0.04, ""Reception Service"": 0.35, ""Referral, Specialist and Hospital Coordination"": 0.04, ""Remote Consultation"": 0.02, ""Respect, Dignity, Privacy and Inclusion"": 0.04, ""Staff Kindness and Empathy"": 0.24, ""Staff Professionalism and Knowledge"": 0.57, ""Telephone Access"": 0.03, ""Tests, Investigations and Results"": 0.05, ""Treatment Effectiveness and Safety"": 0.13, ""Vaccinations and Immunisations"": 0.02, ""Waiting Time at the Surgery"": 0.03, ""Website and Practice Information"": 0.03}",3.44,0.63,0.01,0.99,0.4,0.6
6/23/24 18:38,Very good,Long time patient Reception staff and nurses helpful friendly Dr PERSON is amazing,Stanhope-Mews-Surgery,Brompton-Health-PCN,Positive,1.0,Reception Service,0.55,Staff Kindness and Empathy,"{""Appointment Availability and Lead Times"": 0.02, ""Clinical Assessment and Diagnosis"": 0.03, ""Consultation Communication and Listening"": 0.09, ""Digital Booking and Online Systems"": 0.02, ""Facilities, Cleanliness and Environment"": 0.02, ""Feedback and Complaints Handling"": 0.02, ""Follow-up and Continuity of Care"": 0.05, ""Mental Health Support"": 0.02, ""Overall Service and Practice"": 0.28, ""Patient Information and Education"": 0.03, ""Physical Accessibility"": 0.02, ""Prescriptions and Medication Management"": 0.02, ""Reception Service"": 0.7, ""Referral, Specialist and Hospital Coordination"": 0.02, ""Remote Consultation"": 0.01, ""Respect, Dignity, Privacy and Inclusion"": 0.04, ""Staff Kindness and Empathy"": 0.77, ""Staff Professionalism and Knowledge"": 0.31, ""Telephone Access"": 0.02, ""Tests, Investigations and Results"": 0.02, ""Treatment Effectiveness and Safety"": 0.05, ""Vaccinations and Immunisations"": 0.02, ""Waiting Time at the Surgery"": 0.02, ""Website and Practice Information"": 0.02}",3.04,0.92,0.0,1.0,0.03,0.97
1/6/25 16:38,Good,Twice now weeks apart the doctor prescribed a new medicine and said they would alert my local pharmacy Zafash of the prescription On the first occasion either the GP or desk staff did not alert Zafash until the next day On the most recent occasion this week the doctor did not recall to alert Zafash I had to ring the surgery again near 6 30pm on Friday evening and only then got the duty doctor to tell Zafash about the new prescription,Health-Partners-at-Violet-Melchett,Brompton-Health-PCN,Negative,1.0,Prescriptions and Medication Management,1.0,,"{""Appointment Availability and Lead Times"": 0.04, ""Clinical Assessment and Diagnosis"": 0.03, ""Consultation Communication and Listening"": 0.29, ""Digital Booking and Online Systems"": 0.02, ""Facilities, Cleanliness and Environment"": 0.02, ""Feedback and Complaints Handling"": 0.05, ""Follow-up and Continuity of Care"": 0.5, ""Mental Health Support"": 0.02, ""Overall Service and Practice"": 0.27, ""Patient Information and Education"": 0.11, ""Physical Accessibility"": 0.02, ""Prescriptions and Medication Management"": 0.91, ""Reception Service"": 0.44, ""Referral, Specialist and Hospital Coordination"": 0.03, ""Remote Consultation"": 0.03, ""Respect, Dignity, Privacy and Inclusion"": 0.03, ""Staff Kindness and Empathy"": 0.04, ""Staff Professionalism and Knowledge"": 0.5, ""Telephone Access"": 0.3, ""Tests, Investigations and Results"": 0.02, ""Treatment Effectiveness and Safety"": 0.03, ""Vaccinations and Immunisations"": 0.02, ""Waiting Time at the Surgery"": 0.07, ""Website and Practice Information"": 0.03}",2.32,0.69,2.99,0.99,2.57,0.57
8/24/24 12:38,Good,Your form does not make clear which treatment it refers to but my general experience of the GP s practice is Good,Stanhope-Mews-Surgery,Brompton-Health-PCN,Neutral or Mixed,0.6,Digital Booking and Online Systems,0.56,Overall Service and Practice,"{""Appointment Availability and Lead Times"": 0.02, ""Clinical Assessment and Diagnosis"": 0.06, ""Consultation Communication and Listening"": 0.16, ""Digital Booking and Online Systems"": 0.03, ""Facilities, Cleanliness and Environment"": 0.03, ""Feedback and Complaints Handling"": 0.04, ""Follow-up and Continuity of Care"": 0.04, ""Mental Health Support"": 0.02, ""Overall Service and Practice"": 0.81, ""Patient Information and Education"": 0.57, ""Physical Accessibility"": 0.02, ""Prescriptions and Medication Management"": 0.03, ""Reception Service"": 0.03, ""Referral, Specialist and Hospital Coordination"": 0.03, ""Remote Consultation"": 0.02, ""Respect, Dignity, Privacy and Inclusion"": 0.02, ""Staff Kindness and Empathy"": 0.04, ""Staff Professionalism and Knowledge"": 0.07, ""Telephone Access"": 0.02, ""Tests, Investigations and Results"": 0.03, ""Treatment Effectiveness and Safety"": 0.04, ""Vaccinations and Immunisations"": 0.03, ""Waiting Time at the Surgery"": 0.02, ""Website and Practice Information"": 0.2}",1.57,0.64,1.74,0.12,0.4,0.6
3/18/26 17:50,Very good,I was treated with courtesy and professionally,The-Good-Practice,Brompton-Health-PCN,Positive,0.96,Staff Professionalism and Knowledge,0.84,,"{""Appointment Availability and Lead Times"": 0.02, ""Clinical Assessment and Diagnosis"": 0.02, ""Consultation Communication and Listening"": 0.24, ""Digital Booking and Online Systems"": 0.02, ""Facilities, Cleanliness and Environment"": 0.02, ""Feedback and Complaints Handling"": 0.04, ""Follow-up and Continuity of Care"": 0.02, ""Mental Health Support"": 0.02, ""Overall Service and Practice"": 0.48, ""Patient Information and Education"": 0.03, ""Physical Accessibility"": 0.02, ""Prescriptions and Medication Management"": 0.02, ""Reception Service"": 0.13, ""Referral, Specialist and Hospital Coordination"": 0.02, ""Remote Consultation"": 0.02, ""Respect, Dignity, Privacy and Inclusion"": 0.22, ""Staff Kindness and Empathy"": 0.59, ""Staff Professionalism and Knowledge"": 0.64, ""Telephone Access"": 0.02, ""Tests, Investigations and Results"": 0.02, ""Treatment Effectiveness and Safety"": 0.03, ""Vaccinations and Immunisations"": 0.02, ""Waiting Time at the Surgery"": 0.02, ""Website and Practice Information"": 0.02}",1.65,0.7,0.0,1.0,0.01,0.99
5/14/26 15:33,Very good,The receptionist gentleman who answered the phone was first class Helpful and understanding He followed through and solved the problem I had,Health-Partners-at-Violet-Melchett,Brompton-Health-PCN,Positive,1.0,Reception Service,1.0,Staff Kindness and Empathy | Staff Professionalism and Knowledge,"{""Appointment Availability and Lead Times"": 0.02, ""Clinical Assessment and Diagnosis"": 0.02, ""Consultation Communication and Listening"": 0.47, ""Digital Booking and Online Systems"": 0.02, ""Facilities, Cleanliness and Environment"": 0.02, ""Feedback and Complaints Handling"": 0.3, ""Follow-up and Continuity of Care"": 0.4, ""Mental Health Support"": 0.02, ""Overall Service and Practice"": 0.22, ""Patient Information and Education"": 0.04, ""Physical Accessibility"": 0.02, ""Prescriptions and Medication Management"": 0.02, ""Reception Service"": 0.82, ""Referral, Specialist and Hospital Coordination"": 0.02, ""Remote Consultation"": 0.02, ""Respect, Dignity, Privacy and Inclusion"": 0.06, ""Staff Kindness and Empathy"": 0.82, ""Staff Professionalism and Knowledge"": 0.72, ""Telephone Access"": 0.38, ""Tests, Investigations and Results"": 0.01, ""Treatment Effectiveness and Safety"": 0.03, ""Vaccinations and Immunisations"": 0.01, ""Waiting Time at the Surgery"": 0.02, ""Website and Practice Information"": 0.02}",2.95,0.94,0.0,1.0,0.02,0.98
3/29/24 11:58,Very good,I ve used this surgery for many years and have always found the staff to be helpful and proactive,Earls-Court-Surgery,Brompton-Health-PCN,Positive,1.0,Staff Professionalism and Knowledge,0.72,Overall Service and Practice,"{""Appointment Availability and Lead Times"": 0.03, ""Clinical Assessment and Diagnosis"": 0.03, ""Consultation Communication and Listening"": 0.09, ""Digital Booking and Online Systems"": 0.02, ""Facilities, Cleanliness and Environment"": 0.03, ""Feedback and Complaints Handling"": 0.04, ""Follow-up and Continuity of Care"": 0.12, ""Mental Health Support"": 0.02, ""Overall Service and Practice"": 0.62, ""Patient Information and Education"": 0.05, ""Physical Accessibility"": 0.02, ""Prescriptions and Medication Management"": 0.02, ""Reception Service"": 0.06, ""Referral, Specialist and Hospital Coordination"": 0.03, ""Remote Consultation"": 0.02, ""Respect, Dignity, Privacy and Inclusion"": 0.03, ""Staff Kindness and Empathy"": 0.49, ""Staff Professionalism and Knowledge"": 0.57, ""Telephone Access"": 0.02, ""Tests, Investigations and Results"": 0.02, ""Treatment Effectiveness and Safety"": 0.04, ""Vaccinations and Immunisations"": 0.01, ""Waiting Time at the Surgery"": 0.02, ""Website and Practice Information"": 0.03}",2.27,0.76,0.0,1.0,0.01,0.99
4/21/26 12:31,Very good,Quick dealt with question quickly and decisively,Stanhope-Mews-Surgery,Brompton-Health-PCN,Positive,0.92,Staff Professionalism and Knowledge,0.23,,"{""Appointment Availability and Lead Times"": 0.06, ""Clinical Assessment and Diagnosis"": 0.02, ""Consultation Communication and Listening"": 0.23, ""Digital Booking and Online Systems"": 0.02, ""Facilities, Cleanliness and Environment"": 0.02, ""Feedback and Complaints Handling"": 0.28, ""Follow-up and Continuity of Care"": 0.03, ""Mental Health Support"": 0.02, ""Overall Service and Practice"": 0.28, ""Patient Information and Education"": 0.05, ""Physical Accessibility"": 0.02, ""Prescriptions and Medication Management"": 0.02, ""Reception Service"": 0.11, ""Referral, Specialist and Hospital Coordination"": 0.02, ""Remote Consultation"": 0.03, ""Respect, Dignity, Privacy and Inclusion"": 0.02, ""Staff Kindness and Empathy"": 0.05, ""Staff Professionalism and Knowledge"": 0.3, ""Telephone Access"": 0.03, ""Tests, Investigations and Results"": 0.02, ""Treatment Effectiveness and Safety"": 0.05, ""Vaccinations and Immunisations"": 0.02, ""Waiting Time at the Surgery"": 0.34, ""Website and Practice Information"": 0.03}",1.93,0.77,0.03,0.97,0.02,0.98
4/8/25 19:05,Very good,an evening appointment was booked for me and the doctor shared plans and booked relevant pills to best alleviate leg pain due to lumbar spine problem Many thanks PERSON he also shared these plans with you,Health-Partners-at-Violet-Melchett,Brompton-Health-PCN,Positive,0.99,Treatment Effectiveness and Safety,0.53,Prescriptions and Medication Management | Patient Information and Education,"{""Appointment Availability and Lead Times"": 0.06, ""Clinical Assessment and Diagnosis"": 0.15, ""Consultation Communication and Listening"": 0.47, ""Digital Booking and Online Systems"": 0.06, ""Facilities, Cleanliness and Environment"": 0.02, ""Feedback and Complaints Handling"": 0.02, ""Follow-up and Continuity of Care"": 0.3, ""Mental Health Support"": 0.02, ""Overall Service and Practice"": 0.15, ""Patient Information and Education"": 0.62, ""Physical Accessibility"": 0.03, ""Prescriptions and Medication Management"": 0.76, ""Reception Service"": 0.05, ""Referral, Specialist and Hospital Coordination"": 0.04, ""Remote Consultation"": 0.03, ""Respect, Dignity, Privacy and Inclusion"": 0.06, ""Staff Kindness and Empathy"": 0.2, ""Staff Professionalism and Knowledge"": 0.45, ""Telephone Access"": 0.02, ""Tests, Investigations and Results"": 0.03, ""Treatment Effectiveness and Safety"": 0.16, ""Vaccinations and Immunisations"": 0.01, ""Waiting Time at the Surgery"": 0.02, ""Website and Practice Information"": 0.03}",2.13,0.76,0.31,0.69,0.54,0.46
5/2/26 1:41,Very good,The doctor was really patient listened to all of my comcerns and already sorted further management of my medical complaint reception was also great Did not rush in any way at all,The-Good-Practice,Brompton-Health-PCN,Positive,1.0,Consultation Communication and Listening,1.0,Reception Service | Staff Kindness and Empathy,"{""Appointment Availability and Lead Times"": 0.03, ""Clinical Assessment and Diagnosis"": 0.15, ""Consultation Communication and Listening"": 0.93, ""Digital Booking and Online Systems"": 0.02, ""Facilities, Cleanliness and Environment"": 0.07, ""Feedback and Complaints Handling"": 0.09, ""Follow-up and Continuity of Care"": 0.31, ""Mental Health Support"": 0.02, ""Overall Service and Practice"": 0.35, ""Patient Information and Education"": 0.15, ""Physical Accessibility"": 0.03, ""Prescriptions and Medication Management"": 0.05, ""Reception Service"": 0.91, ""Referral, Specialist and Hospital Coordination"": 0.04, ""Remote Consultation"": 0.02, ""Respect, Dignity, Privacy and Inclusion"": 0.14, ""Staff Kindness and Empathy"": 0.74, ""Staff Professionalism and Knowledge"": 0.57, ""Telephone Access"": 0.02, ""Tests, Investigations and Results"": 0.02, ""Treatment Effectiveness and Safety"": 0.06, ""Vaccinations and Immunisations"": 0.02, ""Waiting Time at the Surgery"": 0.13, ""Website and Practice Information"": 0.03}",2.92,0.91,0.0,1.0,0.01,0.99
10/15/25 10:40,Very good,Excellent service Kind caring and efficient Many thanks,Health-Partners-at-Violet-Melchett,Brompton-Health-PCN,Positive,1.0,Staff Kindness and Empathy,0.73,,"{""Appointment Availability and Lead Times"": 0.02, ""Clinical Assessment and Diagnosis"": 0.02, ""Consultation Communication and Listening"": 0.14, ""Digital Booking and Online Systems"": 0.02, ""Facilities, Cleanliness and Environment"": 0.02, ""Feedback and Complaints Handling"": 0.02, ""Follow-up and Continuity of Care"": 0.02, ""Mental Health Support"": 0.02, ""Overall Service and Practice"": 0.54, ""Patient Information and Education"": 0.02, ""Physical Accessibility"": 0.02, ""Prescriptions and Medication Management"": 0.02, ""Reception Service"": 0.1, ""Referral, Specialist and Hospital Coordination"": 0.02, ""Remote Consultation"": 0.02, ""Respect, Dignity, Privacy and Inclusion"": 0.04, ""Staff Kindness and Empathy"": 0.8, ""Staff Professionalism and Knowledge"": 0.3, ""Telephone Access"": 0.02, ""Tests, Investigations and Results"": 0.02, ""Treatment Effectiveness and Safety"": 0.03, ""Vaccinations and Immunisations"": 0.01, ""Waiting Time at the Surgery"": 0.04, ""Website and Practice Information"": 0.02}",2.99,0.95,0.0,1.0,0.0,1.0
9/14/26 12:46,Very good,I saw Dr PERSON for the first time today He listened considered and discussed his opinion with me Very helpful consultation,Health-Partners-at-Violet-Melchett,Brompton-Health-PCN,Positive,1.0,Consultation Communication and Listening,1.0,,"{""Appointment Availability and Lead Times"": 0.02, ""Clinical Assessment and Diagnosis"": 0.16, ""Consultation Communication and Listening"": 0.87, ""Digital Booking and Online Systems"": 0.01, ""Facilities, Cleanliness and Environment"": 0.02, ""Feedback and Complaints Handling"": 0.02, ""Follow-up and Continuity of Care"": 0.03, ""Mental Health Support"": 0.04, ""Overall Service and Practice"": 0.19, ""Patient Information and Education"": 0.31, ""Physical Accessibility"": 0.02, ""Prescriptions and Medication Management"": 0.02, ""Reception Service"": 0.02, ""Referral, Specialist and Hospital Coordination"": 0.02, ""Remote Consultation"": 0.02, ""Respect, Dignity, Privacy and Inclusion"": 0.08, ""Staff Kindness and Empathy"": 0.31, ""Staff Professionalism and Knowledge"": 0.45, ""Telephone Access"": 0.02, ""Tests, Investigations and Results"": 0.02, ""Treatment Effectiveness and Safety"": 0.03, ""Vaccinations and Immunisations"": 0.01, ""Waiting Time at the Surgery"": 0.02, ""Website and Practice Information"": 0.02}",2.04,0.92,0.0,1.0,0.0,1.0
4/6/26 21:36,Very good,Excellent service Dr PERSON very helpful and understanding,Health-Partners-at-Violet-Melchett,Brompton-Health-PCN,Positive,1.0,Staff Kindness and Empathy,0.74,,"{""Appointment Availability and Lead Times"": 0.02, ""Clinical Assessment and Diagnosis"": 0.03, ""Consultation Communication and Listening"": 0.48, ""Digital Booking and Online Systems"": 0.02, ""Facilities, Cleanliness and Environment"": 0.02, ""Feedback and Complaints Handling"": 0.04, ""Follow-up and Continuity of Care"": 0.03, ""Mental Health Support"": 0.05, ""Overall Service and Practice"": 0.48, ""Patient Information and Education"": 0.08, ""Physical Accessibility"": 0.02, ""Prescriptions and Medication Management"": 0.02, ""Reception Service"": 0.04, ""Referral, Specialist and Hospital Coordination"": 0.02, ""Remote Consultation"": 0.02, ""Respect, Dignity, Privacy and Inclusion"": 0.09, ""Staff Kindness and Empathy"": 0.79, ""Staff Professionalism and Knowledge"": 0.38, ""Telephone Access"": 0.02, ""Tests, Investigations and Results"": 0.02, ""Treatment Effectiveness and Safety"": 0.03, ""Vaccinations and Immunisations"": 0.01, ""Waiting Time at the Surgery"": 0.02, ""Website and Practice Information"": 0.02}",2.93,0.93,0.0,1.0,0.01,0.99
6/20/25 15:36,Very good,The service offered by the Chelsea Practice is head and shoulders above any others I have used or my family use,The-Chelsea-Practice,Brompton-Health-PCN,Positive,1.0,Overall Service and Practice,1.0,,"{""Appointment Availability and Lead Times"": 0.02, ""Clinical Assessment and Diagnosis"": 0.02, ""Consultation Communication and Listening"": 0.04, ""Digital Booking and Online Systems"": 0.02, ""Facilities, Cleanliness and Environment"": 0.03, ""Feedback and Complaints Handling"": 0.02, ""Follow-up and Continuity of Care"": 0.03, ""Mental Health Support"": 0.02, ""Overall Service and Practice"": 0.77, ""Patient Information and Education"": 0.02, ""Physical Accessibility"": 0.02, ""Prescriptions and Medication Management"": 0.02, ""Reception Service"": 0.03, ""Referral, Specialist and Hospital Coordination"": 0.02, ""Remote Consultation"": 0.02, ""Respect, Dignity, Privacy and Inclusion"": 0.02, ""Staff Kindness and Empathy"": 0.05, ""Staff Professionalism and Knowledge"": 0.08, ""Telephone Access"": 0.02, ""Tests, Investigations and Results"": 0.02, ""Treatment Effectiveness and Safety"": 0.05, ""Vaccinations and Immunisations"": 0.02, ""Waiting Time at the Surgery"": 0.02, ""Website and Practice Information"": 0.03}",3.68,0.74,0.0,1.0,0.04,0.96
2/28/24 17:06,Very good,The triage phone back system does not work at all well for people with jobs,Health-Partners-at-Violet-Melchett,Brompton-Health-PCN,Negative,1.0,Telephone Access,0.93,,"{""Appointment Availability and Lead Times"": 0.07, ""Clinical Assessment and Diagnosis"": 0.04, ""Consultation Communication and Listening"": 0.16, ""Digital Booking and Online Systems"": 0.04, ""Facilities, Cleanliness and Environment"": 0.02, ""Feedback and Complaints Handling"": 0.14, ""Follow-up and Continuity of Care"": 0.43, ""Mental Health Support"": 0.08, ""Overall Service and Practice"": 0.23, ""Patient Information and Education"": 0.04, ""Physical Accessibility"": 0.04, ""Prescriptions and Medication Management"": 0.02, ""Reception Service"": 0.15, ""Referral, Specialist and Hospital Coordination"": 0.02, ""Remote Consultation"": 0.12, ""Respect, Dignity, Privacy and Inclusion"": 0.07, ""Staff Kindness and Empathy"": 0.02, ""Staff Professionalism and Knowledge"": 0.03, ""Telephone Access"": 0.78, ""Tests, Investigations and Results"": 0.02, ""Treatment Effectiveness and Safety"": 0.03, ""Vaccinations and Immunisations"": 0.02, ""Waiting Time at the Surgery"": 0.05, ""Website and Practice Information"": 0.02}",2.69,0.7,1.97,0.47,1.77,0.66
7/22/26 5:31,Very good,Dr PERSON is very attentive caring and informative She takes careful and well thought out medical action and I feel heard and well looked after Also the male nurse or medical assistant I saw recently looked after me very well and took blood much better than at the C W hospital,Stanhope-Mews-Surgery,Brompton-Health-PCN,Positive,1.0,Staff Professionalism and Knowledge,0.44,Consultation Communication and Listening | Staff Kindness and Empathy | Patient Information and Education,"{""Appointment Availability and Lead Times"": 0.02, ""Clinical Assessment and Diagnosis"": 0.16, ""Consultation Communication and Listening"": 0.8, ""Digital Booking and Online Systems"": 0.02, ""Facilities, Cleanliness and Environment"": 0.03, ""Feedback and Complaints Handling"": 0.03, ""Follow-up and Continuity of Care"": 0.08, ""Mental Health Support"": 0.02, ""Overall Service and Practice"": 0.33, ""Patient Information and Education"": 0.73, ""Physical Accessibility"": 0.02, ""Prescriptions and Medication Management"": 0.03, ""Reception Service"": 0.02, ""Referral, Specialist and Hospital Coordination"": 0.05, ""Remote Consultation"": 0.02, ""Respect, Dignity, Privacy and Inclusion"": 0.11, ""Staff Kindness and Empathy"": 0.88, ""Staff Professionalism and Knowledge"": 0.81, ""Telephone Access"": 0.02, ""Tests, Investigations and Results"": 0.18, ""Treatment Effectiveness and Safety"": 0.22, ""Vaccinations and Immunisations"": 0.02, ""Waiting Time at the Surgery"": 0.02, ""Website and Practice Information"": 0.02}",2.91,0.92,0.42,0.58,0.09,0.91
8/2/25 14:03,Very good,My entire journey was agreeable from the signing presents waiting room till seeing the Doctor and eventually leave the Medical centre,Kensington-Park-Medical-Centre,Brompton-Health-PCN,Positive,0.94,Overall Service and Practice,0.98,,"{""Appointment Availability and Lead Times"": 0.03, ""Clinical Assessment and Diagnosis"": 0.04, ""Consultation Communication and Listening"": 0.05, ""Digital Booking and Online Systems"": 0.02, ""Facilities, Cleanliness and Environment"": 0.06, ""Feedback and Complaints Handling"": 0.02, ""Follow-up and Continuity of Care"": 0.03, ""Mental Health Support"": 0.02, ""Overall Service and Practice"": 0.45, ""Patient Information and Education"": 0.03, ""Physical Accessibility"": 0.03, ""Prescriptions and Medication Management"": 0.02, ""Reception Service"": 0.25, ""Referral, Specialist and Hospital Coordination"": 0.03, ""Remote Consultation"": 0.02, ""Respect, Dignity, Privacy and Inclusion"": 0.03, ""Staff Kindness and Empathy"": 0.09, ""Staff Professionalism and Knowledge"": 0.06, ""Telephone Access"": 0.02, ""Tests, Investigations and Results"": 0.03, ""Treatment Effectiveness and Safety"": 0.03, ""Vaccinations and Immunisations"": 0.02, ""Waiting Time at the Surgery"": 0.13, ""Website and Practice Information"": 0.02}",1.7,0.67,0.0,1.0,0.01,0.99
2/12/24 21:36,Very good,Your people really made an effort andinvestigated and tried to define my problem better,Health-Partners-at-Violet-Melchett,Brompton-Health-PCN,Positive,0.98,Clinical Assessment and Diagnosis,0.93,Consultation Communication and Listening | Staff Professionalism and Knowledge,"{""Appointment Availability and Lead Times"": 0.02, ""Clinical Assessment and Diagnosis"": 0.55, ""Consultation Communication and Listening"": 0.61, ""Digital Booking and Online Systems"": 0.02, ""Facilities, Cleanliness and Environment"": 0.02, ""Feedback and Complaints Handling"": 0.37, ""Follow-up and Continuity of Care"": 0.13, ""Mental Health Support"": 0.06, ""Overall Service and Practice"": 0.31, ""Patient Information and Education"": 0.13, ""Physical Accessibility"": 0.02, ""Prescriptions and Medication Management"": 0.02, ""Reception Service"": 0.05, ""Referral, Specialist and Hospital Coordination"": 0.02, ""Remote Consultation"": 0.02, ""Respect, Dignity, Privacy and Inclusion"": 0.04, ""Staff Kindness and Empathy"": 0.28, ""Staff Professionalism and Knowledge"": 0.65, ""Telephone Access"": 0.02, ""Tests, Investigations and Results"": 0.45, ""Treatment Effectiveness and Safety"": 0.03, ""Vaccinations and Immunisations"": 0.01, ""Waiting Time at the Surgery"": 0.02, ""Website and Practice Information"": 0.02}",1.81,0.79,0.02,0.98,0.19,0.81
2/4/26 12:04,Neither good nor poor,Very difficult to meet with different doctors,The-Good-Practice,Brompton-Health-PCN,Negative,1.0,Appointment Availability and Lead Times,0.79,,"{""Appointment Availability and Lead Times"": 0.84, ""Clinical Assessment and Diagnosis"": 0.05, ""Consultation Communication and Listening"": 0.05, ""Digital Booking and Online Systems"": 0.03, ""Facilities, Cleanliness and Environment"": 0.02, ""Feedback and Complaints Handling"": 0.03, ""Follow-up and Continuity of Care"": 0.59, ""Mental Health Support"": 0.06, ""Overall Service and Practice"": 0.36, ""Patient Information and Education"": 0.03, ""Physical Accessibility"": 0.15, ""Prescriptions and Medication Management"": 0.03, ""Reception Service"": 0.11, ""Referral, Specialist and Hospital Coordination"": 0.5, ""Remote Consultation"": 0.03, ""Respect, Dignity, Privacy and Inclusion"": 0.02, ""Staff Kindness and Empathy"": 0.02, ""Staff Professionalism and Knowledge"": 0.04, ""Telephone Access"": 0.05, ""Tests, Investigations and Results"": 0.02, ""Treatment Effectiveness and Safety"": 0.02, ""Vaccinations and Immunisations"": 0.02, ""Waiting Time at the Surgery"": 0.2, ""Website and Practice Information"": 0.05}",2.07,0.83,2.06,0.45,1.25,0.53
5/1/26 17:55,Very good,Every member of staff was helpful and knew exactly what they were doing Very impressive Thank you,Kensington-Park-Medical-Centre,Brompton-Health-PCN,Positive,1.0,Staff Professionalism and Knowledge,1.0,,"{""Appointment Availability and Lead Times"": 0.02, ""Clinical Assessment and Diagnosis"": 0.02, ""Consultation Communication and Listening"": 0.12, ""Digital Booking and Online Systems"": 0.02, ""Facilities, Cleanliness and Environment"": 0.02, ""Feedback and Complaints Handling"": 0.02, ""Follow-up and Continuity of Care"": 0.02, ""Mental Health Support"": 0.01, ""Overall Service and Practice"": 0.49, ""Patient Information and Education"": 0.04, ""Physical Accessibility"": 0.02, ""Prescriptions and Medication Management"": 0.02, ""Reception Service"": 0.07, ""Referral, Specialist and Hospital Coordination"": 0.02, ""Remote Consultation"": 0.02, ""Respect, Dignity, Privacy and Inclusion"": 0.02, ""Staff Kindness and Empathy"": 0.42, ""Staff Professionalism and Knowledge"": 0.89, ""Telephone Access"": 0.02, ""Tests, Investigations and Results"": 0.02, ""Treatment Effectiveness and Safety"": 0.03, ""Vaccinations and Immunisations"": 0.02, ""Waiting Time at the Surgery"": 0.02, ""Website and Practice Information"": 0.02}",3.13,0.88,0.0,1.0,0.01,0.99
1/13/25 16:22,Very good,Reception and phone staff were receptive efficient and polite Phlebotomist is was efficient friendly and professional I was able to see Dr PERSON who has known our family for a long time to examine me for pain I was having for a few days and for consultation re a possible foot infection,Emperors-Gate-Health-Centre,Brompton-Health-PCN,Positive,1.0,Staff Professionalism and Knowledge,0.9,Reception Service,"{""Appointment Availability and Lead Times"": 0.03, ""Clinical Assessment and Diagnosis"": 0.27, ""Consultation Communication and Listening"": 0.14, ""Digital Booking and Online Systems"": 0.02, ""Facilities, Cleanliness and Environment"": 0.03, ""Feedback and Complaints Handling"": 0.02, ""Follow-up and Continuity of Care"": 0.15, ""Mental Health Support"": 0.01, ""Overall Service and Practice"": 0.2, ""Patient Information and Education"": 0.04, ""Physical Accessibility"": 0.03, ""Prescriptions and Medication Management"": 0.02, ""Reception Service"": 0.89, ""Referral, Specialist and Hospital Coordination"": 0.02, ""Remote Consultation"": 0.02, ""Respect, Dignity, Privacy and Inclusion"": 0.08, ""Staff Kindness and Empathy"": 0.5, ""Staff Professionalism and Knowledge"": 0.7, ""Telephone Access"": 0.35, ""Tests, Investigations and Results"": 0.09, ""Treatment Effectiveness and Safety"": 0.04, ""Vaccinations and Immunisations"": 0.01, ""Waiting Time at the Surgery"": 0.03, ""Website and Practice Information"": 0.02}",2.22,0.8,0.01,0.99,0.04,0.96
6/11/24 7:41,Very good,The team is always professional and polite abd would go out of their way to help the patients,Stanhope-Mews-Surgery,Brompton-Health-PCN,Positive,1.0,Staff Professionalism and Knowledge,0.7,Staff Kindness and Empathy,"{""Appointment Availability and Lead Times"": 0.02, ""Clinical Assessment and Diagnosis"": 0.02, ""Consultation Communication and Listening"": 0.21, ""Digital Booking and Online Systems"": 0.02, ""Facilities, Cleanliness and Environment"": 0.02, ""Feedback and Complaints Handling"": 0.03, ""Follow-up and Continuity of Care"": 0.03, ""Mental Health Support"": 0.02, ""Overall Service and Practice"": 0.42, ""Patient Information and Education"": 0.04, ""Physical Accessibility"": 0.02, ""Prescriptions and Medication Management"": 0.02, ""Reception Service"": 0.07, ""Referral, Specialist and Hospital Coordination"": 0.02, ""Remote Consultation"": 0.02, ""Respect, Dignity, Privacy and Inclusion"": 0.14, ""Staff Kindness and Empathy"": 0.75, ""Staff Professionalism and Knowledge"": 0.67, ""Telephone Access"": 0.02, ""Tests, Investigations and Results"": 0.02, ""Treatment Effectiveness and Safety"": 0.02, ""Vaccinations and Immunisations"": 0.02, ""Waiting Time at the Surgery"": 0.02, ""Website and Practice Information"": 0.02}",2.79,0.82,0.0,1.0,0.01,0.99
1/4/25 12:30,Good,Was perfect the doctor guide me in y medical matters,Health-Partners-at-Violet-Melchett,Brompton-Health-PCN,Positive,1.0,Consultation Communication and Listening,0.56,Staff Professionalism and Knowledge | Patient Information and Education,"{""Appointment Availability and Lead Times"": 0.02, ""Clinical Assessment and Diagnosis"": 0.1, ""Consultation Communication and Listening"": 0.52, ""Digital Booking and Online Systems"": 0.02, ""Facilities, Cleanliness and Environment"": 0.02, ""Feedback and Complaints Handling"": 0.03, ""Follow-up and Continuity of Care"": 0.06, ""Mental Health Support"": 0.03, ""Overall Service and Practice"": 0.27, ""Patient Information and Education"": 0.64, ""Physical Accessibility"": 0.02, ""Prescriptions and Medication Management"": 0.06, ""Reception Service"": 0.02, ""Referral, Specialist and Hospital Coordination"": 0.03, ""Remote Consultation"": 0.03, ""Respect, Dignity, Privacy and Inclusion"": 0.03, ""Staff Kindness and Empathy"": 0.24, ""Staff Professionalism and Knowledge"": 0.71, ""Telephone Access"": 0.02, ""Tests, Investigations and Results"": 0.02, ""Treatment Effectiveness and Safety"": 0.1, ""Vaccinations and Immunisations"": 0.02, ""Waiting Time at the Surgery"": 0.02, ""Website and Practice Information"": 0.02}",3.01,0.85,0.0,1.0,0.04,0.96
1/4/25 14:00,Very good,Everyone I have seen in regards have treated me with respect I explained all next steps clearly,Health-Partners-at-Violet-Melchett,Brompton-Health-PCN,Positive,0.96,"Respect, Dignity, Privacy and Inclusion",0.52,Staff Kindness and Empathy | Staff Professionalism and Knowledge | Patient Information and Education,"{""Appointment Availability and Lead Times"": 0.02, ""Clinical Assessment and Diagnosis"": 0.03, ""Consultation Communication and Listening"": 0.58, ""Digital Booking and Online Systems"": 0.02, ""Facilities, Cleanliness and Environment"": 0.02, ""Feedback and Complaints Handling"": 0.12, ""Follow-up and Continuity of Care"": 0.37, ""Mental Health Support"": 0.12, ""Overall Service and Practice"": 0.42, ""Patient Information and Education"": 0.77, ""Physical Accessibility"": 0.02, ""Prescriptions and Medication Management"": 0.03, ""Reception Service"": 0.14, ""Referral, Specialist and Hospital Coordination"": 0.09, ""Remote Consultation"": 0.03, ""Respect, Dignity, Privacy and Inclusion"": 0.55, ""Staff Kindness and Empathy"": 0.61, ""Staff Professionalism and Knowledge"": 0.68, ""Telephone Access"": 0.03, ""Tests, Investigations and Results"": 0.04, ""Treatment Effectiveness and Safety"": 0.04, ""Vaccinations and Immunisations"": 0.02, ""Waiting Time at the Surgery"": 0.02, ""Website and Practice Information"": 0.03}",1.99,0.84,0.01,0.99,0.02,0.98
10/3/24 14:03,Good,Logging on to the web site takes far too many screens navigation is repeitive and does not take to where I expect I use the phone again for repeat prescriptions,Stanhope-Mews-Surgery,Brompton-Health-PCN,Negative,0.98,Digital Booking and Online Systems,0.96,,"{""Appointment Availability and Lead Times"": 0.02, ""Clinical Assessment and Diagnosis"": 0.02, ""Consultation Communication and Listening"": 0.02, ""Digital Booking and Online Systems"": 0.72, ""Facilities, Cleanliness and Environment"": 0.02, ""Feedback and Complaints Handling"": 0.02, ""Follow-up and Continuity of Care"": 0.1, ""Mental Health Support"": 0.01, ""Overall Service and Practice"": 0.13, ""Patient Information and Education"": 0.03, ""Physical Accessibility"": 0.03, ""Prescriptions and Medication Management"": 0.48, ""Reception Service"": 0.03, ""Referral, Specialist and Hospital Coordination"": 0.01, ""Remote Consultation"": 0.02, ""Respect, Dignity, Privacy and Inclusion"": 0.02, ""Staff Kindness and Empathy"": 0.02, ""Staff Professionalism and Knowledge"": 0.02, ""Telephone Access"": 0.25, ""Tests, Investigations and Results"": 0.02, ""Treatment Effectiveness and Safety"": 0.02, ""Vaccinations and Immunisations"": 0.01, ""Waiting Time at the Surgery"": 0.02, ""Website and Practice Information"": 0.32}",2.26,0.77,2.68,0.68,1.47,0.45
1/23/25 11:27,Very good,Much better than others I reckon,Stanhope-Mews-Surgery,Brompton-Health-PCN,Positive,0.97,Overall Service and Practice,0.96,,"{""Appointment Availability and Lead Times"": 0.02, ""Clinical Assessment and Diagnosis"": 0.02, ""Consultation Communication and Listening"": 0.02, ""Digital Booking and Online Systems"": 0.02, ""Facilities, Cleanliness and Environment"": 0.03, ""Feedback and Complaints Handling"": 0.02, ""Follow-up and Continuity of Care"": 0.02, ""Mental Health Support"": 0.02, ""Overall Service and Practice"": 0.14, ""Patient Information and Education"": 0.02, ""Physical Accessibility"": 0.02, ""Prescriptions and Medication Management"": 0.02, ""Reception Service"": 0.02, ""Referral, Specialist and Hospital Coordination"": 0.02, ""Remote Consultation"": 0.02, ""Respect, Dignity, Privacy and Inclusion"": 0.02, ""Staff Kindness and Empathy"": 0.02, ""Staff Professionalism and Knowledge"": 0.02, ""Telephone Access"": 0.02, ""Tests, Investigations and Results"": 0.02, ""Treatment Effectiveness and Safety"": 0.08, ""Vaccinations and Immunisations"": 0.02, ""Waiting Time at the Surgery"": 0.03, ""Website and Practice Information"": 0.02}",2.05,0.84,0.0,1.0,0.03,0.97
3/25/24 20:15,Good,Because despite the fact that most GP rarely offer a face to face appointments in Earl s Court Medical Centre they managed to get you one although later than what one would wish to have,Earls-Court-Medical-Centre,Brompton-Health-PCN,Neutral or Mixed,0.71,Appointment Availability and Lead Times,1.0,Waiting Time at the Surgery,"{""Appointment Availability and Lead Times"": 0.89, ""Clinical Assessment and Diagnosis"": 0.04, ""Consultation Communication and Listening"": 0.04, ""Digital Booking and Online Systems"": 0.03, ""Facilities, Cleanliness and Environment"": 0.03, ""Feedback and Complaints Handling"": 0.03, ""Follow-up and Continuity of Care"": 0.15, ""Mental Health Support"": 0.02, ""Overall Service and Practice"": 0.41, ""Patient Information and Education"": 0.03, ""Physical Accessibility"": 0.09, ""Prescriptions and Medication Management"": 0.02, ""Reception Service"": 0.13, ""Referral, Specialist and Hospital Coordination"": 0.02, ""Remote Consultation"": 0.06, ""Respect, Dignity, Privacy and Inclusion"": 0.02, ""Staff Kindness and Empathy"": 0.04, ""Staff Professionalism and Knowledge"": 0.06, ""Telephone Access"": 0.03, ""Tests, Investigations and Results"": 0.02, ""Treatment Effectiveness and Safety"": 0.02, ""Vaccinations and Immunisations"": 0.02, ""Waiting Time at the Surgery"": 0.78, ""Website and Practice Information"": 0.04}",1.2,0.83,2.27,0.27,0.76,0.52
6/29/26 8:20,Good,It was good on time and quick,The-Good-Practice,Brompton-Health-PCN,Positive,0.99,Waiting Time at the Surgery,0.98,,"{""Appointment Availability and Lead Times"": 0.28, ""Clinical Assessment and Diagnosis"": 0.02, ""Consultation Communication and Listening"": 0.03, ""Digital Booking and Online Systems"": 0.02, ""Facilities, Cleanliness and Environment"": 0.02, ""Feedback and Complaints Handling"": 0.02, ""Follow-up and Continuity of Care"": 0.02, ""Mental Health Support"": 0.01, ""Overall Service and Practice"": 0.39, ""Patient Information and Education"": 0.02, ""Physical Accessibility"": 0.02, ""Prescriptions and Medication Management"": 0.02, ""Reception Service"": 0.11, ""Referral, Specialist and Hospital Coordination"": 0.02, ""Remote Consultation"": 0.03, ""Respect, Dignity, Privacy and Inclusion"": 0.02, ""Staff Kindness and Empathy"": 0.02, ""Staff Professionalism and Knowledge"": 0.03, ""Telephone Access"": 0.02, ""Tests, Investigations and Results"": 0.03, ""Treatment Effectiveness and Safety"": 0.04, ""Vaccinations and Immunisations"": 0.02, ""Waiting Time at the Surgery"": 0.68, ""Website and Practice Information"": 0.02}",1.65,0.7,0.0,1.0,0.0,1.0
9/17/24 10:38,Very good,My health concerns were addressed with great care and charm And tests arranged quickly I was Extremely happy with my consultation and after care,Health-Partners-at-Violet-Melchett,Brompton-Health-PCN,Positive,1.0,Staff Kindness and Empathy,0.51,Follow-up and Continuity of Care,"{""Appointment Availability and Lead Times"": 0.54, ""Clinical Assessment and Diagnosis"": 0.21, ""Consultation Communication and Listening"": 0.57, ""Digital Booking and Online Systems"": 0.02, ""Facilities, Cleanliness and Environment"": 0.02, ""Feedback and Complaints Handling"": 0.03, ""Follow-up and Continuity of Care"": 0.61, ""Mental Health Support"": 0.02, ""Overall Service and Practice"": 0.38, ""Patient Information and Education"": 0.11, ""Physical Accessibility"": 0.02, ""Prescriptions and Medication Management"": 0.02, ""Reception Service"": 0.06, ""Referral, Specialist and Hospital Coordination"": 0.05, ""Remote Consultation"": 0.02, ""Respect, Dignity, Privacy and Inclusion"": 0.05, ""Staff Kindness and Empathy"": 0.71, ""Staff Professionalism and Knowledge"": 0.35, ""Telephone Access"": 0.02, ""Tests, Investigations and Results"": 0.54, ""Treatment Effectiveness and Safety"": 0.1, ""Vaccinations and Immunisations"": 0.02, ""Waiting Time at the Surgery"": 0.2, ""Website and Practice Information"": 0.02}",3.35,0.7,0.0,1.0,0.0,1.0
3/31/26 9:19,Very good,I was able to fix the issue with my prescription,Earls-Court-Surgery,Brompton-Health-PCN,Positive,0.82,Prescriptions and Medication Management,1.0,,"{""Appointment Availability and Lead Times"": 0.02, ""Clinical Assessment and Diagnosis"": 0.04, ""Consultation Communication and Listening"": 0.03, ""Digital Booking and Online Systems"": 0.03, ""Facilities, Cleanliness and Environment"": 0.02, ""Feedback and Complaints Handling"": 0.05, ""Follow-up and Continuity of Care"": 0.08, ""Mental Health Support"": 0.02, ""Overall Service and Practice"": 0.1, ""Patient Information and Education"": 0.04, ""Physical Accessibility"": 0.03, ""Prescriptions and Medication Management"": 0.84, ""Reception Service"": 0.03, ""Referral, Specialist and Hospital Coordination"": 0.02, ""Remote Consultation"": 0.02, ""Respect, Dignity, Privacy and Inclusion"": 0.02, ""Staff Kindness and Empathy"": 0.02, ""Staff Professionalism and Knowledge"": 0.03, ""Telephone Access"": 0.02, ""Tests, Investigations and Results"": 0.02, ""Treatment Effectiveness and Safety"": 0.25, ""Vaccinations and Immunisations"": 0.01, ""Waiting Time at the Surgery"": 0.02, ""Website and Practice Information"": 0.03}",1.41,0.59,0.23,0.77,0.35,0.65
10/22/25 15:21,Poor,I had an appointment with the same GP and then she made another appointment that I was waiting more than 2 weeks with the same GP just to let me know that she has to refer me to another doctor So 2 appointments just to tell me that someone alse has to see me,Health-Partners-at-Violet-Melchett,Brompton-Health-PCN,Negative,1.0,Appointment Availability and Lead Times,0.5,"Waiting Time at the Surgery | Referral, Specialist and Hospital Coordination | Follow-up and Continuity of Care","{""Appointment Availability and Lead Times"": 0.84, ""Clinical Assessment and Diagnosis"": 0.17, ""Consultation Communication and Listening"": 0.29, ""Digital Booking and Online Systems"": 0.02, ""Facilities, Cleanliness and Environment"": 0.02, ""Feedback and Complaints Handling"": 0.04, ""Follow-up and Continuity of Care"": 0.72, ""Mental Health Support"": 0.03, ""Overall Service and Practice"": 0.47, ""Patient Information and Education"": 0.2, ""Physical Accessibility"": 0.02, ""Prescriptions and Medication Management"": 0.02, ""Reception Service"": 0.04, ""Referral, Specialist and Hospital Coordination"": 0.76, ""Remote Consultation"": 0.02, ""Respect, Dignity, Privacy and Inclusion"": 0.04, ""Staff Kindness and Empathy"": 0.05, ""Staff Professionalism and Knowledge"": 0.22, ""Telephone Access"": 0.02, ""Tests, Investigations and Results"": 0.02, ""Treatment Effectiveness and Safety"": 0.04, ""Vaccinations and Immunisations"": 0.02, ""Waiting Time at the Surgery"": 0.82, ""Website and Practice Information"": 0.02}",2.81,0.72,2.87,0.87,1.57,0.57
4/21/26 15:47,Very good,Very good people and great service,Stanhope-Mews-Surgery,Brompton-Health-PCN,Positive,1.0,Overall Service and Practice,0.57,,"{""Appointment Availability and Lead Times"": 0.02, ""Clinical Assessment and Diagnosis"": 0.01, ""Consultation Communication and Listening"": 0.08, ""Digital Booking and Online Systems"": 0.02, ""Facilities, Cleanliness and Environment"": 0.02, ""Feedback and Complaints Handling"": 0.02, ""Follow-up and Continuity of Care"": 0.02, ""Mental Health Support"": 0.02, ""Overall Service and Practice"": 0.49, ""Patient Information and Education"": 0.02, ""Physical Accessibility"": 0.01, ""Prescriptions and Medication Management"": 0.02, ""Reception Service"": 0.09, ""Referral, Specialist and Hospital Coordination"": 0.02, ""Remote Consultation"": 0.02, ""Respect, Dignity, Privacy and Inclusion"": 0.03, ""Staff Kindness and Empathy"": 0.46, ""Staff Professionalism and Knowledge"": 0.23, ""Telephone Access"": 0.02, ""Tests, Investigations and Results"": 0.01, ""Treatment Effectiveness and Safety"": 0.02, ""Vaccinations and Immunisations"": 0.01, ""Waiting Time at the Surgery"": 0.02, ""Website and Practice Information"": 0.02}",2.7,0.75,0.0,1.0,0.0,1.0
10/31/24 9:06,Good,Because l did not have to wait,Stanhope-Mews-Surgery,Brompton-Health-PCN,Positive,0.82,Waiting Time at the Surgery,0.98,Appointment Availability and Lead Times,"{""Appointment Availability and Lead Times"": 0.72, ""Clinical Assessment and Diagnosis"": 0.02, ""Consultation Communication and Listening"": 0.03, ""Digital Booking and Online Systems"": 0.05, ""Facilities, Cleanliness and Environment"": 0.02, ""Feedback and Complaints Handling"": 0.02, ""Follow-up and Continuity of Care"": 0.02, ""Mental Health Support"": 0.02, ""Overall Service and Practice"": 0.26, ""Patient Information and Education"": 0.02, ""Physical Accessibility"": 0.05, ""Prescriptions and Medication Management"": 0.03, ""Reception Service"": 0.15, ""Referral, Specialist and Hospital Coordination"": 0.02, ""Remote Consultation"": 0.03, ""Respect, Dignity, Privacy and Inclusion"": 0.02, ""Staff Kindness and Empathy"": 0.03, ""Staff Professionalism and Knowledge"": 0.03, ""Telephone Access"": 0.05, ""Tests, Investigations and Results"": 0.03, ""Treatment Effectiveness and Safety"": 0.03, ""Vaccinations and Immunisations"": 0.03, ""Waiting Time at the Surgery"": 0.79, ""Website and Practice Information"": 0.03}",1.18,0.67,0.06,0.94,0.03,0.97
10/24/24 14:21,Very good,Always get a quick appointments Staff are very efficient and polite Doctors are very helpful,Emperors-Gate-Health-Centre,Brompton-Health-PCN,Positive,1.0,Appointment Availability and Lead Times,0.54,Waiting Time at the Surgery,"{""Appointment Availability and Lead Times"": 0.84, ""Clinical Assessment and Diagnosis"": 0.06, ""Consultation Communication and Listening"": 0.21, ""Digital Booking and Online Systems"": 0.02, ""Facilities, Cleanliness and Environment"": 0.03, ""Feedback and Complaints Handling"": 0.02, ""Follow-up and Continuity of Care"": 0.04, ""Mental Health Support"": 0.02, ""Overall Service and Practice"": 0.44, ""Patient Information and Education"": 0.07, ""Physical Accessibility"": 0.02, ""Prescriptions and Medication Management"": 0.02, ""Reception Service"": 0.32, ""Referral, Specialist and Hospital Coordination"": 0.02, ""Remote Consultation"": 0.02, ""Respect, Dignity, Privacy and Inclusion"": 0.07, ""Staff Kindness and Empathy"": 0.49, ""Staff Professionalism and Knowledge"": 0.59, ""Telephone Access"": 0.06, ""Tests, Investigations and Results"": 0.02, ""Treatment Effectiveness and Safety"": 0.04, ""Vaccinations and Immunisations"": 0.01, ""Waiting Time at the Surgery"": 0.62, ""Website and Practice Information"": 0.03}",2.71,0.75,0.0,1.0,0.0,1.0
3/18/24 19:29,Poor,Doctors seem to change Unlikelyly regularly so hard to have a practitioner who knows you,Stanhope-Mews-Surgery,Brompton-Health-PCN,Negative,0.97,Follow-up and Continuity of Care,1.0,,"{""Appointment Availability and Lead Times"": 0.07, ""Clinical Assessment and Diagnosis"": 0.04, ""Consultation Communication and Listening"": 0.11, ""Digital Booking and Online Systems"": 0.02, ""Facilities, Cleanliness and Environment"": 0.02, ""Feedback and Complaints Handling"": 0.03, ""Follow-up and Continuity of Care"": 0.85, ""Mental Health Support"": 0.03, ""Overall Service and Practice"": 0.44, ""Patient Information and Education"": 0.06, ""Physical Accessibility"": 0.03, ""Prescriptions and Medication Management"": 0.03, ""Reception Service"": 0.03, ""Referral, Specialist and Hospital Coordination"": 0.03, ""Remote Consultation"": 0.02, ""Respect, Dignity, Privacy and Inclusion"": 0.03, ""Staff Kindness and Empathy"": 0.03, ""Staff Professionalism and Knowledge"": 0.16, ""Telephone Access"": 0.02, ""Tests, Investigations and Results"": 0.02, ""Treatment Effectiveness and Safety"": 0.03, ""Vaccinations and Immunisations"": 0.02, ""Waiting Time at the Surgery"": 0.03, ""Website and Practice Information"": 0.03}",1.72,0.74,2.03,0.41,0.79,0.62
5/29/24 5:57,Very poor,Is never the same doctor and the last one didn t give me some thing to help with my sinusite that I have from 3 months and is getting worst I did ask to be check from a specialist ENT But it never happen,Health-Partners-at-Violet-Melchett,Brompton-Health-PCN,Negative,1.0,"Referral, Specialist and Hospital Coordination",0.56,Prescriptions and Medication Management | Follow-up and Continuity of Care | Clinical Assessment and Diagnosis | Treatment Effectiveness and Safety,"{""Appointment Availability and Lead Times"": 0.24, ""Clinical Assessment and Diagnosis"": 0.71, ""Consultation Communication and Listening"": 0.43, ""Digital Booking and Online Systems"": 0.02, ""Facilities, Cleanliness and Environment"": 0.02, ""Feedback and Complaints Handling"": 0.09, ""Follow-up and Continuity of Care"": 0.89, ""Mental Health Support"": 0.01, ""Overall Service and Practice"": 0.49, ""Patient Information and Education"": 0.21, ""Physical Accessibility"": 0.03, ""Prescriptions and Medication Management"": 0.71, ""Reception Service"": 0.04, ""Referral, Specialist and Hospital Coordination"": 0.89, ""Remote Consultation"": 0.02, ""Respect, Dignity, Privacy and Inclusion"": 0.03, ""Staff Kindness and Empathy"": 0.04, ""Staff Professionalism and Knowledge"": 0.53, ""Telephone Access"": 0.03, ""Tests, Investigations and Results"": 0.1, ""Treatment Effectiveness and Safety"": 0.75, ""Vaccinations and Immunisations"": 0.01, ""Waiting Time at the Surgery"": 0.06, ""Website and Practice Information"": 0.02}",2.98,0.73,2.99,0.99,2.43,0.56
10/20/24 16:02,Very good,Because everything went to plan and I was seen on time and the doctor phoned at the appointed time I was able to ask questions as a result of which the dr made an appointment for me to see a cardiologist,Health-Partners-at-Violet-Melchett,Brompton-Health-PCN,Positive,0.89,"Referral, Specialist and Hospital Coordination",0.69,,"{""Appointment Availability and Lead Times"": 0.23, ""Clinical Assessment and Diagnosis"": 0.26, ""Consultation Communication and Listening"": 0.48, ""Digital Booking and Online Systems"": 0.03, ""Facilities, Cleanliness and Environment"": 0.02, ""Feedback and Complaints Handling"": 0.03, ""Follow-up and Continuity of Care"": 0.53, ""Mental Health Support"": 0.02, ""Overall Service and Practice"": 0.29, ""Patient Information and Education"": 0.37, ""Physical Accessibility"": 0.04, ""Prescriptions and Medication Management"": 0.02, ""Reception Service"": 0.18, ""Referral, Specialist and Hospital Coordination"": 0.67, ""Remote Consultation"": 0.19, ""Respect, Dignity, Privacy and Inclusion"": 0.03, ""Staff Kindness and Empathy"": 0.04, ""Staff Professionalism and Knowledge"": 0.25, ""Telephone Access"": 0.46, ""Tests, Investigations and Results"": 0.04, ""Treatment Effectiveness and Safety"": 0.06, ""Vaccinations and Immunisations"": 0.01, ""Waiting Time at the Surgery"": 0.37, ""Website and Practice Information"": 0.03}",1.54,0.56,0.01,0.99,0.04,0.96
3/10/25 12:49,Very good,Friendly kind very professional and efficient staff both reception medical,Health-Partners-at-Violet-Melchett,Brompton-Health-PCN,Positive,1.0,Staff Professionalism and Knowledge,0.7,Reception Service | Staff Kindness and Empathy,"{""Appointment Availability and Lead Times"": 0.02, ""Clinical Assessment and Diagnosis"": 0.03, ""Consultation Communication and Listening"": 0.08, ""Digital Booking and Online Systems"": 0.02, ""Facilities, Cleanliness and Environment"": 0.03, ""Feedback and Complaints Handling"": 0.02, ""Follow-up and Continuity of Care"": 0.02, ""Mental Health Support"": 0.01, ""Overall Service and Practice"": 0.29, ""Patient Information and Education"": 0.03, ""Physical Accessibility"": 0.02, ""Prescriptions and Medication Management"": 0.02, ""Reception Service"": 0.64, ""Referral, Specialist and Hospital Coordination"": 0.02, ""Remote Consultation"": 0.02, ""Respect, Dignity, Privacy and Inclusion"": 0.06, ""Staff Kindness and Empathy"": 0.82, ""Staff Professionalism and Knowledge"": 0.77, ""Telephone Access"": 0.02, ""Tests, Investigations and Results"": 0.02, ""Treatment Effectiveness and Safety"": 0.02, ""Vaccinations and Immunisations"": 0.01, ""Waiting Time at the Surgery"": 0.07, ""Website and Practice Information"": 0.02}",2.46,0.61,0.0,1.0,0.0,1.0
12/3/24 2:29,Neither good nor poor,Only recently registered as new patient as surgery is easier to get to,The-Abingdon-Medical-Practice,Brompton-Health-PCN,Neutral or Mixed,0.76,Physical Accessibility,0.34,,"{""Appointment Availability and Lead Times"": 0.11, ""Clinical Assessment and Diagnosis"": 0.03, ""Consultation Communication and Listening"": 0.02, ""Digital Booking and Online Systems"": 0.02, ""Facilities, Cleanliness and Environment"": 0.04, ""Feedback and Complaints Handling"": 0.02, ""Follow-up and Continuity of Care"": 0.07, ""Mental Health Support"": 0.02, ""Overall Service and Practice"": 0.05, ""Patient Information and Education"": 0.03, ""Physical Accessibility"": 0.59, ""Prescriptions and Medication Management"": 0.02, ""Reception Service"": 0.03, ""Referral, Specialist and Hospital Coordination"": 0.1, ""Remote Consultation"": 0.02, ""Respect, Dignity, Privacy and Inclusion"": 0.02, ""Staff Kindness and Empathy"": 0.02, ""Staff Professionalism and Knowledge"": 0.02, ""Telephone Access"": 0.02, ""Tests, Investigations and Results"": 0.02, ""Treatment Effectiveness and Safety"": 0.02, ""Vaccinations and Immunisations"": 0.02, ""Waiting Time at the Surgery"": 0.03, ""Website and Practice Information"": 0.05}",0.35,0.71,0.62,0.38,0.16,0.84
10/21/24 10:47,Very good,Quiet surgery clean and friendly staff,The-Chelsea-Practice,Brompton-Health-PCN,Positive,0.99,"Facilities, Cleanliness and Environment",0.82,Staff Kindness and Empathy,"{""Appointment Availability and Lead Times"": 0.02, ""Clinical Assessment and Diagnosis"": 0.02, ""Consultation Communication and Listening"": 0.08, ""Digital Booking and Online Systems"": 0.01, ""Facilities, Cleanliness and Environment"": 0.81, ""Feedback and Complaints Handling"": 0.02, ""Follow-up and Continuity of Care"": 0.02, ""Mental Health Support"": 0.01, ""Overall Service and Practice"": 0.38, ""Patient Information and Education"": 0.03, ""Physical Accessibility"": 0.03, ""Prescriptions and Medication Management"": 0.02, ""Reception Service"": 0.09, ""Referral, Specialist and Hospital Coordination"": 0.02, ""Remote Consultation"": 0.02, ""Respect, Dignity, Privacy and Inclusion"": 0.07, ""Staff Kindness and Empathy"": 0.7, ""Staff Professionalism and Knowledge"": 0.31, ""Telephone Access"": 0.01, ""Tests, Investigations and Results"": 0.02, ""Treatment Effectiveness and Safety"": 0.11, ""Vaccinations and Immunisations"": 0.01, ""Waiting Time at the Surgery"": 0.05, ""Website and Practice Information"": 0.02}",1.88,0.86,0.0,1.0,0.01,0.99
7/17/25 9:42,Very good,Because the doctors gave me good advice and agreed that I should have an X Ray when my pain got worse and then came back to me with more good advice when they got the results They also suggested that I pop by the surgery and use the measuring machine for my blood pressure,Stanhope-Mews-Surgery,Brompton-Health-PCN,Positive,0.96,"Tests, Investigations and Results",0.31,Follow-up and Continuity of Care | Staff Professionalism and Knowledge | Patient Information and Education,"{""Appointment Availability and Lead Times"": 0.03, ""Clinical Assessment and Diagnosis"": 0.56, ""Consultation Communication and Listening"": 0.52, ""Digital Booking and Online Systems"": 0.02, ""Facilities, Cleanliness and Environment"": 0.1, ""Feedback and Complaints Handling"": 0.03, ""Follow-up and Continuity of Care"": 0.65, ""Mental Health Support"": 0.01, ""Overall Service and Practice"": 0.3, ""Patient Information and Education"": 0.71, ""Physical Accessibility"": 0.1, ""Prescriptions and Medication Management"": 0.03, ""Reception Service"": 0.04, ""Referral, Specialist and Hospital Coordination"": 0.05, ""Remote Consultation"": 0.02, ""Respect, Dignity, Privacy and Inclusion"": 0.03, ""Staff Kindness and Empathy"": 0.2, ""Staff Professionalism and Knowledge"": 0.71, ""Telephone Access"": 0.02, ""Tests, Investigations and Results"": 0.76, ""Treatment Effectiveness and Safety"": 0.23, ""Vaccinations and Immunisations"": 0.02, ""Waiting Time at the Surgery"": 0.02, ""Website and Practice Information"": 0.03}",1.95,0.87,0.06,0.94,0.09,0.91
10/25/24 12:57,Very good,I feel my complicated needs are met with patients and respect,The-Chelsea-Practice,Brompton-Health-PCN,Positive,1.0,"Respect, Dignity, Privacy and Inclusion",0.93,Staff Kindness and Empathy,"{""Appointment Availability and Lead Times"": 0.02, ""Clinical Assessment and Diagnosis"": 0.04, ""Consultation Communication and Listening"": 0.36, ""Digital Booking and Online Systems"": 0.02, ""Facilities, Cleanliness and Environment"": 0.02, ""Feedback and Complaints Handling"": 0.04, ""Follow-up and Continuity of Care"": 0.03, ""Mental Health Support"": 0.1, ""Overall Service and Practice"": 0.37, ""Patient Information and Education"": 0.05, ""Physical Accessibility"": 0.02, ""Prescriptions and Medication Management"": 0.02, ""Reception Service"": 0.03, ""Referral, Specialist and Hospital Coordination"": 0.02, ""Remote Consultation"": 0.02, ""Respect, Dignity, Privacy and Inclusion"": 0.58, ""Staff Kindness and Empathy"": 0.65, ""Staff Professionalism and Knowledge"": 0.33, ""Telephone Access"": 0.02, ""Tests, Investigations and Results"": 0.02, ""Treatment Effectiveness and Safety"": 0.08, ""Vaccinations and Immunisations"": 0.02, ""Waiting Time at the Surgery"": 0.02, ""Website and Practice Information"": 0.02}",2.24,0.77,0.0,1.0,0.05,0.95
9/22/24 16:27,Poor,Was seen by a Health care assistant not a doctor or nurse,The-Abingdon-Medical-Practice,Brompton-Health-PCN,Neutral or Mixed,0.64,Staff Professionalism and Knowledge,0.92,,"{""Appointment Availability and Lead Times"": 0.02, ""Clinical Assessment and Diagnosis"": 0.15, ""Consultation Communication and Listening"": 0.03, ""Digital Booking and Online Systems"": 0.02, ""Facilities, Cleanliness and Environment"": 0.02, ""Feedback and Complaints Handling"": 0.03, ""Follow-up and Continuity of Care"": 0.04, ""Mental Health Support"": 0.03, ""Overall Service and Practice"": 0.2, ""Patient Information and Education"": 0.04, ""Physical Accessibility"": 0.02, ""Prescriptions and Medication Management"": 0.02, ""Reception Service"": 0.02, ""Referral, Specialist and Hospital Coordination"": 0.02, ""Remote Consultation"": 0.02, ""Respect, Dignity, Privacy and Inclusion"": 0.03, ""Staff Kindness and Empathy"": 0.03, ""Staff Professionalism and Knowledge"": 0.35, ""Telephone Access"": 0.02, ""Tests, Investigations and Results"": 0.02, ""Treatment Effectiveness and Safety"": 0.04, ""Vaccinations and Immunisations"": 0.02, ""Waiting Time at the Surgery"": 0.02, ""Website and Practice Information"": 0.02}",0.66,0.45,1.84,0.06,1.27,0.31
2/27/25 13:58,Very good,Doctor saw me on time Was very professional and friendly,The-Abingdon-Medical-Practice,Brompton-Health-PCN,Positive,1.0,Staff Professionalism and Knowledge,0.67,Waiting Time at the Surgery,"{""Appointment Availability and Lead Times"": 0.09, ""Clinical Assessment and Diagnosis"": 0.02, ""Consultation Communication and Listening"": 0.18, ""Digital Booking and Online Systems"": 0.02, ""Facilities, Cleanliness and Environment"": 0.02, ""Feedback and Complaints Handling"": 0.02, ""Follow-up and Continuity of Care"": 0.02, ""Mental Health Support"": 0.02, ""Overall Service and Practice"": 0.34, ""Patient Information and Education"": 0.03, ""Physical Accessibility"": 0.02, ""Prescriptions and Medication Management"": 0.02, ""Reception Service"": 0.08, ""Referral, Specialist and Hospital Coordination"": 0.02, ""Remote Consultation"": 0.02, ""Respect, Dignity, Privacy and Inclusion"": 0.07, ""Staff Kindness and Empathy"": 0.59, ""Staff Professionalism and Knowledge"": 0.63, ""Telephone Access"": 0.02, ""Tests, Investigations and Results"": 0.02, ""Treatment Effectiveness and Safety"": 0.02, ""Vaccinations and Immunisations"": 0.01, ""Waiting Time at the Surgery"": 0.74, ""Website and Practice Information"": 0.02}",2.02,0.95,0.0,1.0,0.0,1.0
1/4/25 16:43,Good,Because the GP listened to me and will make a referral and will be happy to give me a face to face appointment for an ongoing issue,Health-Partners-at-Violet-Melchett,Brompton-Health-PCN,Positive,0.98,Consultation Communication and Listening,0.53,"Referral, Specialist and Hospital Coordination | Follow-up and Continuity of Care","{""Appointment Availability and Lead Times"": 0.29, ""Clinical Assessment and Diagnosis"": 0.14, ""Consultation Communication and Listening"": 0.85, ""Digital Booking and Online Systems"": 0.02, ""Facilities, Cleanliness and Environment"": 0.02, ""Feedback and Complaints Handling"": 0.05, ""Follow-up and Continuity of Care"": 0.76, ""Mental Health Support"": 0.07, ""Overall Service and Practice"": 0.24, ""Patient Information and Education"": 0.07, ""Physical Accessibility"": 0.07, ""Prescriptions and Medication Management"": 0.02, ""Reception Service"": 0.03, ""Referral, Specialist and Hospital Coordination"": 0.68, ""Remote Consultation"": 0.04, ""Respect, Dignity, Privacy and Inclusion"": 0.16, ""Staff Kindness and Empathy"": 0.53, ""Staff Professionalism and Knowledge"": 0.43, ""Telephone Access"": 0.04, ""Tests, Investigations and Results"": 0.03, ""Treatment Effectiveness and Safety"": 0.04, ""Vaccinations and Immunisations"": 0.02, ""Waiting Time at the Surgery"": 0.04, ""Website and Practice Information"": 0.02}",2.14,0.83,0.05,0.95,0.03,0.97
11/5/24 10:02,Good,The reception was friendly The doctor was attentive and intrested in me as patient and he was kind,The-Chelsea-Practice,Brompton-Health-PCN,Positive,1.0,Staff Kindness and Empathy,0.76,Reception Service | Consultation Communication and Listening,"{""Appointment Availability and Lead Times"": 0.02, ""Clinical Assessment and Diagnosis"": 0.08, ""Consultation Communication and Listening"": 0.68, ""Digital Booking and Online Systems"": 0.02, ""Facilities, Cleanliness and Environment"": 0.03, ""Feedback and Complaints Handling"": 0.02, ""Follow-up and Continuity of Care"": 0.03, ""Mental Health Support"": 0.02, ""Overall Service and Practice"": 0.21, ""Patient Information and Education"": 0.07, ""Physical Accessibility"": 0.02, ""Prescriptions and Medication Management"": 0.02, ""Reception Service"": 0.87, ""Referral, Specialist and Hospital Coordination"": 0.02, ""Remote Consultation"": 0.02, ""Respect, Dignity, Privacy and Inclusion"": 0.1, ""Staff Kindness and Empathy"": 0.84, ""Staff Professionalism and Knowledge"": 0.31, ""Telephone Access"": 0.02, ""Tests, Investigations and Results"": 0.02, ""Treatment Effectiveness and Safety"": 0.03, ""Vaccinations and Immunisations"": 0.01, ""Waiting Time at the Surgery"": 0.02, ""Website and Practice Information"": 0.02}",2.19,0.83,0.0,1.0,0.0,1.0
11/4/24 10:12,Very good,Staff are very professional welcome Very good Doctor is the best,Earls-Court-Surgery,Brompton-Health-PCN,Positive,1.0,Staff Professionalism and Knowledge,0.97,,"{""Appointment Availability and Lead Times"": 0.02, ""Clinical Assessment and Diagnosis"": 0.05, ""Consultation Communication and Listening"": 0.07, ""Digital Booking and Online Systems"": 0.02, ""Facilities, Cleanliness and Environment"": 0.03, ""Feedback and Complaints Handling"": 0.02, ""Follow-up and Continuity of Care"": 0.02, ""Mental Health Support"": 0.02, ""Overall Service and Practice"": 0.37, ""Patient Information and Education"": 0.03, ""Physical Accessibility"": 0.02, ""Prescriptions and Medication Management"": 0.02, ""Reception Service"": 0.19, ""Referral, Specialist and Hospital Coordination"": 0.02, ""Remote Consultation"": 0.02, ""Respect, Dignity, Privacy and Inclusion"": 0.06, ""Staff Kindness and Empathy"": 0.38, ""Staff Professionalism and Knowledge"": 0.74, ""Telephone Access"": 0.02, ""Tests, Investigations and Results"": 0.02, ""Treatment Effectiveness and Safety"": 0.07, ""Vaccinations and Immunisations"": 0.02, ""Waiting Time at the Surgery"": 0.02, ""Website and Practice Information"": 0.02}",3.08,0.89,0.0,1.0,0.01,0.99
11/18/24 9:21,Very poor,I was contacted by the surgery to make an appointment for a smear following two previous traumatic and unsuccessful smear appointments I had explained to the administration and medical staff not just over the last 2 weeks but previously about my high levels of anxiety about medical appointments Following this initial call I had two subsequent calls suggested by the surgery not me with different Doctors where I tried to explain how extreme and growing my medical anxiety was and that I was finding it difficult to be heard The focus felt it was on getting the appointment for the smear test The final call suggested she ask a Doctor who has known me for many years to call me she made an appointment which was subsequently changed by the surgery but no call received,Health-Partners-at-Violet-Melchett,Brompton-Health-PCN,Negative,1.0,Consultation Communication and Listening,0.35,Telephone Access | Follow-up and Continuity of Care,"{""Appointment Availability and Lead Times"": 0.21, ""Clinical Assessment and Diagnosis"": 0.07, ""Consultation Communication and Listening"": 0.86, ""Digital Booking and Online Systems"": 0.02, ""Facilities, Cleanliness and Environment"": 0.02, ""Feedback and Complaints Handling"": 0.3, ""Follow-up and Continuity of Care"": 0.79, ""Mental Health Support"": 0.42, ""Overall Service and Practice"": 0.4, ""Patient Information and Education"": 0.15, ""Physical Accessibility"": 0.03, ""Prescriptions and Medication Management"": 0.02, ""Reception Service"": 0.26, ""Referral, Specialist and Hospital Coordination"": 0.15, ""Remote Consultation"": 0.03, ""Respect, Dignity, Privacy and Inclusion"": 0.35, ""Staff Kindness and Empathy"": 0.54, ""Staff Professionalism and Knowledge"": 0.51, ""Telephone Access"": 0.61, ""Tests, Investigations and Results"": 0.38, ""Treatment Effectiveness and Safety"": 0.05, ""Vaccinations and Immunisations"": 0.01, ""Waiting Time at the Surgery"": 0.05, ""Website and Practice Information"": 0.02}",3.09,0.75,2.97,0.97,2.51,0.51
1/4/25 12:40,Very good,Firstly I want to give my wife next prescription and I asked for an appointment for myself as I had a dry cough for 6 months The person on desk said a doctor was free on the afternoon I saw this doctor who helped with my trouble check me and organise a future appointment with some lungs specialist in the hospital,Health-Partners-at-Violet-Melchett,Brompton-Health-PCN,Positive,0.26,"Referral, Specialist and Hospital Coordination",0.76,Follow-up and Continuity of Care,"{""Appointment Availability and Lead Times"": 0.51, ""Clinical Assessment and Diagnosis"": 0.43, ""Consultation Communication and Listening"": 0.13, ""Digital Booking and Online Systems"": 0.02, ""Facilities, Cleanliness and Environment"": 0.02, ""Feedback and Complaints Handling"": 0.02, ""Follow-up and Continuity of Care"": 0.62, ""Mental Health Support"": 0.01, ""Overall Service and Practice"": 0.15, ""Patient Information and Education"": 0.07, ""Physical Accessibility"": 0.03, ""Prescriptions and Medication Management"": 0.32, ""Reception Service"": 0.33, ""Referral, Specialist and Hospital Coordination"": 0.82, ""Remote Consultation"": 0.02, ""Respect, Dignity, Privacy and Inclusion"": 0.02, ""Staff Kindness and Empathy"": 0.09, ""Staff Professionalism and Knowledge"": 0.23, ""Telephone Access"": 0.03, ""Tests, Investigations and Results"": 0.05, ""Treatment Effectiveness and Safety"": 0.06, ""Vaccinations and Immunisations"": 0.01, ""Waiting Time at the Surgery"": 0.05, ""Website and Practice Information"": 0.02}",0.67,0.57,0.49,0.51,1.06,0.0
10/3/25 21:30,Very good,It s always a good experience and I get good advice with Doctors nurses there in relation to my health,Emperors-Gate-Health-Centre,Brompton-Health-PCN,Positive,1.0,Staff Professionalism and Knowledge,0.55,,"{""Appointment Availability and Lead Times"": 0.02, ""Clinical Assessment and Diagnosis"": 0.11, ""Consultation Communication and Listening"": 0.45, ""Digital Booking and Online Systems"": 0.02, ""Facilities, Cleanliness and Environment"": 0.03, ""Feedback and Complaints Handling"": 0.03, ""Follow-up and Continuity of Care"": 0.08, ""Mental Health Support"": 0.03, ""Overall Service and Practice"": 0.51, ""Patient Information and Education"": 0.58, ""Physical Accessibility"": 0.02, ""Prescriptions and Medication Management"": 0.04, ""Reception Service"": 0.03, ""Referral, Specialist and Hospital Coordination"": 0.03, ""Remote Consultation"": 0.02, ""Respect, Dignity, Privacy and Inclusion"": 0.04, ""Staff Kindness and Empathy"": 0.23, ""Staff Professionalism and Knowledge"": 0.72, ""Telephone Access"": 0.02, ""Tests, Investigations and Results"": 0.02, ""Treatment Effectiveness and Safety"": 0.15, ""Vaccinations and Immunisations"": 0.02, ""Waiting Time at the Surgery"": 0.02, ""Website and Practice Information"": 0.03}",2.18,0.83,0.0,1.0,0.0,1.0
9/22/24 8:17,Very good,All in all very good and friendly service,Scarsdale-Medical-Centre,Brompton-Health-PCN,Positive,1.0,Overall Service and Practice,0.62,,"{""Appointment Availability and Lead Times"": 0.02, ""Clinical Assessment and Diagnosis"": 0.01, ""Consultation Communication and Listening"": 0.11, ""Digital Booking and Online Systems"": 0.02, ""Facilities, Cleanliness and Environment"": 0.02, ""Feedback and Complaints Handling"": 0.03, ""Follow-up and Continuity of Care"": 0.02, ""Mental Health Support"": 0.01, ""Overall Service and Practice"": 0.56, ""Patient Information and Education"": 0.02, ""Physical Accessibility"": 0.02, ""Prescriptions and Medication Management"": 0.02, ""Reception Service"": 0.1, ""Referral, Specialist and Hospital Coordination"": 0.02, ""Remote Consultation"": 0.02, ""Respect, Dignity, Privacy and Inclusion"": 0.04, ""Staff Kindness and Empathy"": 0.52, ""Staff Professionalism and Knowledge"": 0.14, ""Telephone Access"": 0.02, ""Tests, Investigations and Results"": 0.01, ""Treatment Effectiveness and Safety"": 0.02, ""Vaccinations and Immunisations"": 0.01, ""Waiting Time at the Surgery"": 0.02, ""Website and Practice Information"": 0.02}",2.09,0.9,0.0,1.0,0.0,1.0
10/29/24 8:56,Good,Two doctors are professional and helpful but sometimes there are more I can t support you with that rather than let s find a solution together,Stanhope-Mews-Surgery,Brompton-Health-PCN,Neutral or Mixed,0.81,Consultation Communication and Listening,0.87,Staff Professionalism and Knowledge,"{""Appointment Availability and Lead Times"": 0.03, ""Clinical Assessment and Diagnosis"": 0.05, ""Consultation Communication and Listening"": 0.69, ""Digital Booking and Online Systems"": 0.02, ""Facilities, Cleanliness and Environment"": 0.02, ""Feedback and Complaints Handling"": 0.1, ""Follow-up and Continuity of Care"": 0.1, ""Mental Health Support"": 0.15, ""Overall Service and Practice"": 0.38, ""Patient Information and Education"": 0.18, ""Physical Accessibility"": 0.02, ""Prescriptions and Medication Management"": 0.03, ""Reception Service"": 0.03, ""Referral, Specialist and Hospital Coordination"": 0.04, ""Remote Consultation"": 0.03, ""Respect, Dignity, Privacy and Inclusion"": 0.1, ""Staff Kindness and Empathy"": 0.55, ""Staff Professionalism and Knowledge"": 0.75, ""Telephone Access"": 0.03, ""Tests, Investigations and Results"": 0.02, ""Treatment Effectiveness and Safety"": 0.05, ""Vaccinations and Immunisations"": 0.02, ""Waiting Time at the Surgery"": 0.02, ""Website and Practice Information"": 0.03}",1.16,0.85,1.52,0.43,0.78,0.43
12/29/25 8:44,Very good,PERSON was easy to talk to,The-Chelsea-Practice,Brompton-Health-PCN,Positive,0.97,Consultation Communication and Listening,0.89,,"{""Appointment Availability and Lead Times"": 0.02, ""Clinical Assessment and Diagnosis"": 0.02, ""Consultation Communication and Listening"": 0.67, ""Digital Booking and Online Systems"": 0.02, ""Facilities, Cleanliness and Environment"": 0.02, ""Feedback and Complaints Handling"": 0.05, ""Follow-up and Continuity of Care"": 0.02, ""Mental Health Support"": 0.05, ""Overall Service and Practice"": 0.09, ""Patient Information and Education"": 0.08, ""Physical Accessibility"": 0.02, ""Prescriptions and Medication Management"": 0.02, ""Reception Service"": 0.07, ""Referral, Specialist and Hospital Coordination"": 0.02, ""Remote Consultation"": 0.02, ""Respect, Dignity, Privacy and Inclusion"": 0.03, ""Staff Kindness and Empathy"": 0.49, ""Staff Professionalism and Knowledge"": 0.13, ""Telephone Access"": 0.04, ""Tests, Investigations and Results"": 0.02, ""Treatment Effectiveness and Safety"": 0.02, ""Vaccinations and Immunisations"": 0.01, ""Waiting Time at the Surgery"": 0.02, ""Website and Practice Information"": 0.02}",1.32,0.73,0.0,1.0,0.01,0.99
7/15/25 9:15,Very good,It was an excellent experience from beginning to end The customer service and manners of the receptionist were fantastic Dr PERSON was exceptional at creating a safe space for me to talk about my situation That together with her clear advice enabled a pathway to provide me with support to help me feel better Thank you Dr PERSON,Health-Partners-at-Violet-Melchett,Brompton-Health-PCN,Positive,1.0,Mental Health Support,0.35,Reception Service | Consultation Communication and Listening | Staff Kindness and Empathy | Staff Professionalism and Knowledge,"{""Appointment Availability and Lead Times"": 0.02, ""Clinical Assessment and Diagnosis"": 0.09, ""Consultation Communication and Listening"": 0.74, ""Digital Booking and Online Systems"": 0.02, ""Facilities, Cleanliness and Environment"": 0.02, ""Feedback and Complaints Handling"": 0.03, ""Follow-up and Continuity of Care"": 0.06, ""Mental Health Support"": 0.53, ""Overall Service and Practice"": 0.42, ""Patient Information and Education"": 0.58, ""Physical Accessibility"": 0.02, ""Prescriptions and Medication Management"": 0.02, ""Reception Service"": 0.77, ""Referral, Specialist and Hospital Coordination"": 0.03, ""Remote Consultation"": 0.02, ""Respect, Dignity, Privacy and Inclusion"": 0.21, ""Staff Kindness and Empathy"": 0.88, ""Staff Professionalism and Knowledge"": 0.8, ""Telephone Access"": 0.02, ""Tests, Investigations and Results"": 0.02, ""Treatment Effectiveness and Safety"": 0.38, ""Vaccinations and Immunisations"": 0.01, ""Waiting Time at the Surgery"": 0.02, ""Website and Practice Information"": 0.02}",3.2,0.83,0.0,1.0,0.06,0.94
4/2/25 9:59,Very good,Quick reposnse from GP Easy to access,Health-Partners-at-Violet-Melchett,Brompton-Health-PCN,Positive,0.99,Appointment Availability and Lead Times,0.53,,"{""Appointment Availability and Lead Times"": 0.53, ""Clinical Assessment and Diagnosis"": 0.03, ""Consultation Communication and Listening"": 0.12, ""Digital Booking and Online Systems"": 0.1, ""Facilities, Cleanliness and Environment"": 0.03, ""Feedback and Complaints Handling"": 0.06, ""Follow-up and Continuity of Care"": 0.09, ""Mental Health Support"": 0.03, ""Overall Service and Practice"": 0.26, ""Patient Information and Education"": 0.04, ""Physical Accessibility"": 0.27, ""Prescriptions and Medication Management"": 0.03, ""Reception Service"": 0.15, ""Referral, Specialist and Hospital Coordination"": 0.02, ""Remote Consultation"": 0.05, ""Respect, Dignity, Privacy and Inclusion"": 0.02, ""Staff Kindness and Empathy"": 0.03, ""Staff Professionalism and Knowledge"": 0.06, ""Telephone Access"": 0.21, ""Tests, Investigations and Results"": 0.02, ""Treatment Effectiveness and Safety"": 0.03, ""Vaccinations and Immunisations"": 0.02, ""Waiting Time at the Surgery"": 0.49, ""Website and Practice Information"": 0.12}",1.82,0.83,0.02,0.98,0.02,0.98
5/20/24 11:02,Very good,You are always kind and friendly,Health-Partners-at-Violet-Melchett,Brompton-Health-PCN,Positive,1.0,Staff Kindness and Empathy,1.0,,"{""Appointment Availability and Lead Times"": 0.02, ""Clinical Assessment and Diagnosis"": 0.01, ""Consultation Communication and Listening"": 0.09, ""Digital Booking and Online Systems"": 0.01, ""Facilities, Cleanliness and Environment"": 0.02, ""Feedback and Complaints Handling"": 0.02, ""Follow-up and Continuity of Care"": 0.02, ""Mental Health Support"": 0.02, ""Overall Service and Practice"": 0.19, ""Patient Information and Education"": 0.02, ""Physical Accessibility"": 0.01, ""Prescriptions and Medication Management"": 0.01, ""Reception Service"": 0.05, ""Referral, Specialist and Hospital Coordination"": 0.02, ""Remote Consultation"": 0.02, ""Respect, Dignity, Privacy and Inclusion"": 0.05, ""Staff Kindness and Empathy"": 0.81, ""Staff Professionalism and Knowledge"": 0.09, ""Telephone Access"": 0.01, ""Tests, Investigations and Results"": 0.01, ""Treatment Effectiveness and Safety"": 0.02, ""Vaccinations and Immunisations"": 0.01, ""Waiting Time at the Surgery"": 0.02, ""Website and Practice Information"": 0.02}",2.52,0.58,0.0,1.0,0.01,0.99
2/16/26 16:34,Very good,Efficient from booking appointment to advice received from the nurse,Stanhope-Mews-Surgery,Brompton-Health-PCN,Positive,0.97,Appointment Availability and Lead Times,0.53,,"{""Appointment Availability and Lead Times"": 0.36, ""Clinical Assessment and Diagnosis"": 0.1, ""Consultation Communication and Listening"": 0.06, ""Digital Booking and Online Systems"": 0.16, ""Facilities, Cleanliness and Environment"": 0.02, ""Feedback and Complaints Handling"": 0.02, ""Follow-up and Continuity of Care"": 0.04, ""Mental Health Support"": 0.03, ""Overall Service and Practice"": 0.36, ""Patient Information and Education"": 0.44, ""Physical Accessibility"": 0.02, ""Prescriptions and Medication Management"": 0.03, ""Reception Service"": 0.16, ""Referral, Specialist and Hospital Coordination"": 0.03, ""Remote Consultation"": 0.05, ""Respect, Dignity, Privacy and Inclusion"": 0.02, ""Staff Kindness and Empathy"": 0.03, ""Staff Professionalism and Knowledge"": 0.11, ""Telephone Access"": 0.04, ""Tests, Investigations and Results"": 0.02, ""Treatment Effectiveness and Safety"": 0.03, ""Vaccinations and Immunisations"": 0.03, ""Waiting Time at the Surgery"": 0.28, ""Website and Practice Information"": 0.04}",1.82,0.83,0.0,1.0,0.01,0.99
12/7/24 11:15,Very poor,I will not be taking any appointments with Dr PERSON whom I believe does not represent my previous experience with the clinic,Kensington-Park-Medical-Centre,Brompton-Health-PCN,Negative,0.99,Staff Professionalism and Knowledge,0.63,,"{""Appointment Availability and Lead Times"": 0.03, ""Clinical Assessment and Diagnosis"": 0.04, ""Consultation Communication and Listening"": 0.11, ""Digital Booking and Online Systems"": 0.02, ""Facilities, Cleanliness and Environment"": 0.02, ""Feedback and Complaints Handling"": 0.05, ""Follow-up and Continuity of Care"": 0.32, ""Mental Health Support"": 0.03, ""Overall Service and Practice"": 0.21, ""Patient Information and Education"": 0.04, ""Physical Accessibility"": 0.02, ""Prescriptions and Medication Management"": 0.02, ""Reception Service"": 0.03, ""Referral, Specialist and Hospital Coordination"": 0.02, ""Remote Consultation"": 0.02, ""Respect, Dignity, Privacy and Inclusion"": 0.09, ""Staff Kindness and Empathy"": 0.08, ""Staff Professionalism and Knowledge"": 0.28, ""Telephone Access"": 0.02, ""Tests, Investigations and Results"": 0.02, ""Treatment Effectiveness and Safety"": 0.05, ""Vaccinations and Immunisations"": 0.02, ""Waiting Time at the Surgery"": 0.02, ""Website and Practice Information"": 0.03}",2.63,0.63,1.68,0.25,1.69,0.61
6/20/24 12:31,Very good,Doctors are very helpful relaliable and caring,Stanhope-Mews-Surgery,Brompton-Health-PCN,Positive,1.0,Staff Professionalism and Knowledge,0.75,Staff Kindness and Empathy,"{""Appointment Availability and Lead Times"": 0.02, ""Clinical Assessment and Diagnosis"": 0.03, ""Consultation Communication and Listening"": 0.12, ""Digital Booking and Online Systems"": 0.02, ""Facilities, Cleanliness and Environment"": 0.02, ""Feedback and Complaints Handling"": 0.02, ""Follow-up and Continuity of Care"": 0.06, ""Mental Health Support"": 0.03, ""Overall Service and Practice"": 0.26, ""Patient Information and Education"": 0.04, ""Physical Accessibility"": 0.02, ""Prescriptions and Medication Management"": 0.02, ""Reception Service"": 0.02, ""Referral, Specialist and Hospital Coordination"": 0.02, ""Remote Consultation"": 0.02, ""Respect, Dignity, Privacy and Inclusion"": 0.03, ""Staff Kindness and Empathy"": 0.66, ""Staff Professionalism and Knowledge"": 0.43, ""Telephone Access"": 0.02, ""Tests, Investigations and Results"": 0.02, ""Treatment Effectiveness and Safety"": 0.05, ""Vaccinations and Immunisations"": 0.02, ""Waiting Time at the Surgery"": 0.02, ""Website and Practice Information"": 0.02}",2.45,0.62,0.0,1.0,0.0,1.0
7/8/26 22:08,Very good,Just a feeling but it s a good service Doctors got the will to find the way in hope to bring patients back to the pic of their health fit,Kensington-Park-Medical-Centre,Brompton-Health-PCN,Positive,0.97,Overall Service and Practice,0.72,,"{""Appointment Availability and Lead Times"": 0.02, ""Clinical Assessment and Diagnosis"": 0.11, ""Consultation Communication and Listening"": 0.06, ""Digital Booking and Online Systems"": 0.02, ""Facilities, Cleanliness and Environment"": 0.03, ""Feedback and Complaints Handling"": 0.02, ""Follow-up and Continuity of Care"": 0.06, ""Mental Health Support"": 0.03, ""Overall Service and Practice"": 0.62, ""Patient Information and Education"": 0.04, ""Physical Accessibility"": 0.03, ""Prescriptions and Medication Management"": 0.03, ""Reception Service"": 0.03, ""Referral, Specialist and Hospital Coordination"": 0.03, ""Remote Consultation"": 0.03, ""Respect, Dignity, Privacy and Inclusion"": 0.02, ""Staff Kindness and Empathy"": 0.29, ""Staff Professionalism and Knowledge"": 0.3, ""Telephone Access"": 0.02, ""Tests, Investigations and Results"": 0.03, ""Treatment Effectiveness and Safety"": 0.2, ""Vaccinations and Immunisations"": 0.02, ""Waiting Time at the Surgery"": 0.02, ""Website and Practice Information"": 0.03}",1.85,0.82,0.01,0.99,0.04,0.96
1/20/26 19:04,Very good,I received a call regarding my test results before I had to call the surgery myself,Emperors-Gate-Health-Centre,Brompton-Health-PCN,Positive,0.19,"Tests, Investigations and Results",1.0,Telephone Access | Follow-up and Continuity of Care,"{""Appointment Availability and Lead Times"": 0.05, ""Clinical Assessment and Diagnosis"": 0.22, ""Consultation Communication and Listening"": 0.43, ""Digital Booking and Online Systems"": 0.02, ""Facilities, Cleanliness and Environment"": 0.02, ""Feedback and Complaints Handling"": 0.06, ""Follow-up and Continuity of Care"": 0.69, ""Mental Health Support"": 0.02, ""Overall Service and Practice"": 0.26, ""Patient Information and Education"": 0.57, ""Physical Accessibility"": 0.02, ""Prescriptions and Medication Management"": 0.02, ""Reception Service"": 0.12, ""Referral, Specialist and Hospital Coordination"": 0.2, ""Remote Consultation"": 0.16, ""Respect, Dignity, Privacy and Inclusion"": 0.1, ""Staff Kindness and Empathy"": 0.14, ""Staff Professionalism and Knowledge"": 0.2, ""Telephone Access"": 0.7, ""Tests, Investigations and Results"": 0.83, ""Treatment Effectiveness and Safety"": 0.03, ""Vaccinations and Immunisations"": 0.02, ""Waiting Time at the Surgery"": 0.17, ""Website and Practice Information"": 0.02}",1.21,0.44,1.64,0.0,1.57,0.0
10/25/24 17:25,Very good,Nurse PERSON was very helpful though I came in at the wrong time due to some confusion on my part,Earls-Court-Medical-Centre,Brompton-Health-PCN,Positive,0.59,Staff Professionalism and Knowledge,0.56,Staff Kindness and Empathy,"{""Appointment Availability and Lead Times"": 0.12, ""Clinical Assessment and Diagnosis"": 0.02, ""Consultation Communication and Listening"": 0.12, ""Digital Booking and Online Systems"": 0.04, ""Facilities, Cleanliness and Environment"": 0.02, ""Feedback and Complaints Handling"": 0.03, ""Follow-up and Continuity of Care"": 0.03, ""Mental Health Support"": 0.02, ""Overall Service and Practice"": 0.17, ""Patient Information and Education"": 0.1, ""Physical Accessibility"": 0.02, ""Prescriptions and Medication Management"": 0.02, ""Reception Service"": 0.05, ""Referral, Specialist and Hospital Coordination"": 0.02, ""Remote Consultation"": 0.02, ""Respect, Dignity, Privacy and Inclusion"": 0.04, ""Staff Kindness and Empathy"": 0.6, ""Staff Professionalism and Knowledge"": 0.46, ""Telephone Access"": 0.02, ""Tests, Investigations and Results"": 0.02, ""Treatment Effectiveness and Safety"": 0.02, ""Vaccinations and Immunisations"": 0.02, ""Waiting Time at the Surgery"": 0.07, ""Website and Practice Information"": 0.06}",1.51,0.59,1.04,0.54,0.04,0.96
11/27/25 10:01,Good,I am happy with the doctors but not with the waiting for allointments,Stanhope-Mews-Surgery,Brompton-Health-PCN,Neutral or Mixed,0.96,Appointment Availability and Lead Times,0.98,Waiting Time at the Surgery,"{""Appointment Availability and Lead Times"": 0.93, ""Clinical Assessment and Diagnosis"": 0.05, ""Consultation Communication and Listening"": 0.05, ""Digital Booking and Online Systems"": 0.04, ""Facilities, Cleanliness and Environment"": 0.03, ""Feedback and Complaints Handling"": 0.04, ""Follow-up and Continuity of Care"": 0.1, ""Mental Health Support"": 0.02, ""Overall Service and Practice"": 0.34, ""Patient Information and Education"": 0.03, ""Physical Accessibility"": 0.05, ""Prescriptions and Medication Management"": 0.02, ""Reception Service"": 0.3, ""Referral, Specialist and Hospital Coordination"": 0.07, ""Remote Consultation"": 0.02, ""Respect, Dignity, Privacy and Inclusion"": 0.02, ""Staff Kindness and Empathy"": 0.15, ""Staff Professionalism and Knowledge"": 0.34, ""Telephone Access"": 0.05, ""Tests, Investigations and Results"": 0.02, ""Treatment Effectiveness and Safety"": 0.06, ""Vaccinations and Immunisations"": 0.02, ""Waiting Time at the Surgery"": 0.9, ""Website and Practice Information"": 0.05}",1.13,0.85,2.62,0.62,0.85,0.63
2/7/26 12:36,Very good,Pleasant positive response from reception team Very pleasant Doctor addressing my medical issues promptly,The-Good-Practice,Brompton-Health-PCN,Positive,1.0,Reception Service,0.64,Staff Kindness and Empathy,"{""Appointment Availability and Lead Times"": 0.05, ""Clinical Assessment and Diagnosis"": 0.21, ""Consultation Communication and Listening"": 0.35, ""Digital Booking and Online Systems"": 0.02, ""Facilities, Cleanliness and Environment"": 0.03, ""Feedback and Complaints Handling"": 0.03, ""Follow-up and Continuity of Care"": 0.04, ""Mental Health Support"": 0.02, ""Overall Service and Practice"": 0.17, ""Patient Information and Education"": 0.07, ""Physical Accessibility"": 0.02, ""Prescriptions and Medication Management"": 0.03, ""Reception Service"": 0.88, ""Referral, Specialist and Hospital Coordination"": 0.02, ""Remote Consultation"": 0.02, ""Respect, Dignity, Privacy and Inclusion"": 0.06, ""Staff Kindness and Empathy"": 0.68, ""Staff Professionalism and Knowledge"": 0.49, ""Telephone Access"": 0.02, ""Tests, Investigations and Results"": 0.02, ""Treatment Effectiveness and Safety"": 0.06, ""Vaccinations and Immunisations"": 0.02, ""Waiting Time at the Surgery"": 0.09, ""Website and Practice Information"": 0.02}",2.32,0.72,0.0,1.0,0.0,1.0
4/7/24 17:23,Good,It s very frustrating to wait for a gp call to discuss hrt medication to then be referred to a menopause clinic who can t write me a prescription it s then handed back to the gp to write This involves so much more nhs time effort and delays than is needed what a waste of money when they could as my previous gp did just change the medication from the first phone call A huge waste of everyone s time,The-Abingdon-Medical-Practice,Brompton-Health-PCN,Negative,1.0,"Referral, Specialist and Hospital Coordination",0.57,Prescriptions and Medication Management,"{""Appointment Availability and Lead Times"": 0.48, ""Clinical Assessment and Diagnosis"": 0.13, ""Consultation Communication and Listening"": 0.13, ""Digital Booking and Online Systems"": 0.02, ""Facilities, Cleanliness and Environment"": 0.02, ""Feedback and Complaints Handling"": 0.04, ""Follow-up and Continuity of Care"": 0.59, ""Mental Health Support"": 0.02, ""Overall Service and Practice"": 0.51, ""Patient Information and Education"": 0.06, ""Physical Accessibility"": 0.02, ""Prescriptions and Medication Management"": 0.9, ""Reception Service"": 0.03, ""Referral, Specialist and Hospital Coordination"": 0.84, ""Remote Consultation"": 0.18, ""Respect, Dignity, Privacy and Inclusion"": 0.02, ""Staff Kindness and Empathy"": 0.03, ""Staff Professionalism and Knowledge"": 0.26, ""Telephone Access"": 0.3, ""Tests, Investigations and Results"": 0.02, ""Treatment Effectiveness and Safety"": 0.08, ""Vaccinations and Immunisations"": 0.01, ""Waiting Time at the Surgery"": 0.44, ""Website and Practice Information"": 0.02}",3.75,0.8,2.82,0.82,1.55,0.51
1/28/25 12:22,Very good,Advice was easy to follow and gave me confidence,The-Chelsea-Practice,Brompton-Health-PCN,Positive,1.0,Consultation Communication and Listening,0.52,Patient Information and Education,"{""Appointment Availability and Lead Times"": 0.02, ""Clinical Assessment and Diagnosis"": 0.02, ""Consultation Communication and Listening"": 0.34, ""Digital Booking and Online Systems"": 0.02, ""Facilities, Cleanliness and Environment"": 0.02, ""Feedback and Complaints Handling"": 0.03, ""Follow-up and Continuity of Care"": 0.02, ""Mental Health Support"": 0.05, ""Overall Service and Practice"": 0.17, ""Patient Information and Education"": 0.63, ""Physical Accessibility"": 0.02, ""Prescriptions and Medication Management"": 0.02, ""Reception Service"": 0.03, ""Referral, Specialist and Hospital Coordination"": 0.02, ""Remote Consultation"": 0.03, ""Respect, Dignity, Privacy and Inclusion"": 0.02, ""Staff Kindness and Empathy"": 0.05, ""Staff Professionalism and Knowledge"": 0.21, ""Telephone Access"": 0.02, ""Tests, Investigations and Results"": 0.02, ""Treatment Effectiveness and Safety"": 0.06, ""Vaccinations and Immunisations"": 0.02, ""Waiting Time at the Surgery"": 0.02, ""Website and Practice Information"": 0.02}",2.06,0.93,0.0,1.0,0.0,1.0
1/5/25 22:21,Very good,Dr PERSON was very helpful and thorough I felt confident I was being well looked after,Health-Partners-at-Violet-Melchett,Brompton-Health-PCN,Positive,1.0,Staff Professionalism and Knowledge,0.62,,"{""Appointment Availability and Lead Times"": 0.02, ""Clinical Assessment and Diagnosis"": 0.07, ""Consultation Communication and Listening"": 0.26, ""Digital Booking and Online Systems"": 0.02, ""Facilities, Cleanliness and Environment"": 0.02, ""Feedback and Complaints Handling"": 0.02, ""Follow-up and Continuity of Care"": 0.06, ""Mental Health Support"": 0.03, ""Overall Service and Practice"": 0.24, ""Patient Information and Education"": 0.13, ""Physical Accessibility"": 0.02, ""Prescriptions and Medication Management"": 0.02, ""Reception Service"": 0.02, ""Referral, Specialist and Hospital Coordination"": 0.02, ""Remote Consultation"": 0.02, ""Respect, Dignity, Privacy and Inclusion"": 0.03, ""Staff Kindness and Empathy"": 0.46, ""Staff Professionalism and Knowledge"": 0.64, ""Telephone Access"": 0.02, ""Tests, Investigations and Results"": 0.02, ""Treatment Effectiveness and Safety"": 0.11, ""Vaccinations and Immunisations"": 0.01, ""Waiting Time at the Surgery"": 0.02, ""Website and Practice Information"": 0.02}",2.46,0.61,0.0,1.0,0.0,1.0
1/14/26 18:28,Very good,I have had important blood tests the staff were helpful,The-Good-Practice,Brompton-Health-PCN,Positive,0.92,"Tests, Investigations and Results",0.91,Staff Kindness and Empathy,"{""Appointment Availability and Lead Times"": 0.02, ""Clinical Assessment and Diagnosis"": 0.07, ""Consultation Communication and Listening"": 0.16, ""Digital Booking and Online Systems"": 0.02, ""Facilities, Cleanliness and Environment"": 0.03, ""Feedback and Complaints Handling"": 0.02, ""Follow-up and Continuity of Care"": 0.03, ""Mental Health Support"": 0.02, ""Overall Service and Practice"": 0.28, ""Patient Information and Education"": 0.07, ""Physical Accessibility"": 0.03, ""Prescriptions and Medication Management"": 0.02, ""Reception Service"": 0.14, ""Referral, Specialist and Hospital Coordination"": 0.02, ""Remote Consultation"": 0.02, ""Respect, Dignity, Privacy and Inclusion"": 0.05, ""Staff Kindness and Empathy"": 0.63, ""Staff Professionalism and Knowledge"": 0.49, ""Telephone Access"": 0.02, ""Tests, Investigations and Results"": 0.48, ""Treatment Effectiveness and Safety"": 0.05, ""Vaccinations and Immunisations"": 0.02, ""Waiting Time at the Surgery"": 0.03, ""Website and Practice Information"": 0.02}",1.21,0.82,0.0,1.0,0.02,0.98
11/26/25 8:03,Very good,Saw same PERSON utse each time We get on well and I trust her competence,Stanhope-Mews-Surgery,Brompton-Health-PCN,Positive,0.99,Follow-up and Continuity of Care,0.98,Staff Professionalism and Knowledge,"{""Appointment Availability and Lead Times"": 0.03, ""Clinical Assessment and Diagnosis"": 0.04, ""Consultation Communication and Listening"": 0.14, ""Digital Booking and Online Systems"": 0.02, ""Facilities, Cleanliness and Environment"": 0.02, ""Feedback and Complaints Handling"": 0.02, ""Follow-up and Continuity of Care"": 0.62, ""Mental Health Support"": 0.07, ""Overall Service and Practice"": 0.26, ""Patient Information and Education"": 0.04, ""Physical Accessibility"": 0.02, ""Prescriptions and Medication Management"": 0.02, ""Reception Service"": 0.14, ""Referral, Specialist and Hospital Coordination"": 0.03, ""Remote Consultation"": 0.03, ""Respect, Dignity, Privacy and Inclusion"": 0.05, ""Staff Kindness and Empathy"": 0.29, ""Staff Professionalism and Knowledge"": 0.63, ""Telephone Access"": 0.02, ""Tests, Investigations and Results"": 0.03, ""Treatment Effectiveness and Safety"": 0.06, ""Vaccinations and Immunisations"": 0.02, ""Waiting Time at the Surgery"": 0.02, ""Website and Practice Information"": 0.02}",2.09,0.87,0.09,0.91,0.12,0.88
4/21/25 11:08,Very good,I have complete confidence in the consultation I received and the treatment that was recommended,Health-Partners-at-Violet-Melchett,Brompton-Health-PCN,Positive,1.0,Staff Professionalism and Knowledge,0.33,,"{""Appointment Availability and Lead Times"": 0.02, ""Clinical Assessment and Diagnosis"": 0.18, ""Consultation Communication and Listening"": 0.19, ""Digital Booking and Online Systems"": 0.02, ""Facilities, Cleanliness and Environment"": 0.02, ""Feedback and Complaints Handling"": 0.02, ""Follow-up and Continuity of Care"": 0.03, ""Mental Health Support"": 0.04, ""Overall Service and Practice"": 0.28, ""Patient Information and Education"": 0.19, ""Physical Accessibility"": 0.02, ""Prescriptions and Medication Management"": 0.05, ""Reception Service"": 0.03, ""Referral, Specialist and Hospital Coordination"": 0.02, ""Remote Consultation"": 0.05, ""Respect, Dignity, Privacy and Inclusion"": 0.02, ""Staff Kindness and Empathy"": 0.04, ""Staff Professionalism and Knowledge"": 0.27, ""Telephone Access"": 0.02, ""Tests, Investigations and Results"": 0.02, ""Treatment Effectiveness and Safety"": 0.17, ""Vaccinations and Immunisations"": 0.02, ""Waiting Time at the Surgery"": 0.02, ""Website and Practice Information"": 0.02}",3.21,0.82,0.0,1.0,0.01,0.99
1/21/25 13:02,Very good,Really kind Dr understanding Reception team are great as always,The-Chelsea-Practice,Brompton-Health-PCN,Positive,1.0,Staff Kindness and Empathy,0.55,Reception Service,"{""Appointment Availability and Lead Times"": 0.02, ""Clinical Assessment and Diagnosis"": 0.05, ""Consultation Communication and Listening"": 0.2, ""Digital Booking and Online Systems"": 0.02, ""Facilities, Cleanliness and Environment"": 0.03, ""Feedback and Complaints Handling"": 0.03, ""Follow-up and Continuity of Care"": 0.03, ""Mental Health Support"": 0.02, ""Overall Service and Practice"": 0.21, ""Patient Information and Education"": 0.03, ""Physical Accessibility"": 0.02, ""Prescriptions and Medication Management"": 0.02, ""Reception Service"": 0.81, ""Referral, Specialist and Hospital Coordination"": 0.02, ""Remote Consultation"": 0.02, ""Respect, Dignity, Privacy and Inclusion"": 0.07, ""Staff Kindness and Empathy"": 0.78, ""Staff Professionalism and Knowledge"": 0.37, ""Telephone Access"": 0.02, ""Tests, Investigations and Results"": 0.02, ""Treatment Effectiveness and Safety"": 0.02, ""Vaccinations and Immunisations"": 0.02, ""Waiting Time at the Surgery"": 0.03, ""Website and Practice Information"": 0.02}",2.53,0.6,0.0,1.0,0.0,1.0
11/14/24 16:26,Very good,The nurse was very kind and helpful,Health-Partners-at-Violet-Melchett,Brompton-Health-PCN,Positive,1.0,Staff Kindness and Empathy,1.0,,"{""Appointment Availability and Lead Times"": 0.01, ""Clinical Assessment and Diagnosis"": 0.02, ""Consultation Communication and Listening"": 0.12, ""Digital Booking and Online Systems"": 0.01, ""Facilities, Cleanliness and Environment"": 0.02, ""Feedback and Complaints Handling"": 0.02, ""Follow-up and Continuity of Care"": 0.02, ""Mental Health Support"": 0.02, ""Overall Service and Practice"": 0.15, ""Patient Information and Education"": 0.05, ""Physical Accessibility"": 0.02, ""Prescriptions and Medication Management"": 0.02, ""Reception Service"": 0.02, ""Referral, Specialist and Hospital Coordination"": 0.02, ""Remote Consultation"": 0.02, ""Respect, Dignity, Privacy and Inclusion"": 0.04, ""Staff Kindness and Empathy"": 0.9, ""Staff Professionalism and Knowledge"": 0.15, ""Telephone Access"": 0.01, ""Tests, Investigations and Results"": 0.01, ""Treatment Effectiveness and Safety"": 0.02, ""Vaccinations and Immunisations"": 0.01, ""Waiting Time at the Surgery"": 0.02, ""Website and Practice Information"": 0.02}",2.11,0.87,0.0,1.0,0.0,1.0
6/19/26 18:43,Very good,I would like to express my sincere gratitude to Dr PERSON for her outstanding care and support She was incredibly helpful compassionate and kind throughout my appointment I truly appreciated the time she took to listen to my concerns and explain everything about my health in a clear and reassuring way Her professionalism patience and caring attitude made me feel comfortable and well supported Thank you Dr PERSON for your dedication and for providing such excellent care It was a pleasure to be under your care and I am very grateful for your help,The-Good-Practice,Brompton-Health-PCN,Positive,1.0,Staff Kindness and Empathy,0.58,Consultation Communication and Listening | Staff Professionalism and Knowledge | Patient Information and Education,"{""Appointment Availability and Lead Times"": 0.02, ""Clinical Assessment and Diagnosis"": 0.12, ""Consultation Communication and Listening"": 0.88, ""Digital Booking and Online Systems"": 0.01, ""Facilities, Cleanliness and Environment"": 0.02, ""Feedback and Complaints Handling"": 0.02, ""Follow-up and Continuity of Care"": 0.04, ""Mental Health Support"": 0.04, ""Overall Service and Practice"": 0.13, ""Patient Information and Education"": 0.84, ""Physical Accessibility"": 0.02, ""Prescriptions and Medication Management"": 0.02, ""Reception Service"": 0.02, ""Referral, Specialist and Hospital Coordination"": 0.02, ""Remote Consultation"": 0.02, ""Respect, Dignity, Privacy and Inclusion"": 0.11, ""Staff Kindness and Empathy"": 0.86, ""Staff Professionalism and Knowledge"": 0.76, ""Telephone Access"": 0.01, ""Tests, Investigations and Results"": 0.02, ""Treatment Effectiveness and Safety"": 0.05, ""Vaccinations and Immunisations"": 0.01, ""Waiting Time at the Surgery"": 0.02, ""Website and Practice Information"": 0.02}",3.38,0.68,0.0,1.0,0.0,1.0
11/7/25 20:29,Very good,Thanks to Dr very kindly try find to help me,Kensington-Park-Medical-Centre,Brompton-Health-PCN,Positive,0.92,Staff Kindness and Empathy,0.87,,"{""Appointment Availability and Lead Times"": 0.03, ""Clinical Assessment and Diagnosis"": 0.02, ""Consultation Communication and Listening"": 0.15, ""Digital Booking and Online Systems"": 0.02, ""Facilities, Cleanliness and Environment"": 0.02, ""Feedback and Complaints Handling"": 0.04, ""Follow-up and Continuity of Care"": 0.04, ""Mental Health Support"": 0.04, ""Overall Service and Practice"": 0.09, ""Patient Information and Education"": 0.03, ""Physical Accessibility"": 0.02, ""Prescriptions and Medication Management"": 0.03, ""Reception Service"": 0.03, ""Referral, Specialist and Hospital Coordination"": 0.04, ""Remote Consultation"": 0.02, ""Respect, Dignity, Privacy and Inclusion"": 0.04, ""Staff Kindness and Empathy"": 0.67, ""Staff Professionalism and Knowledge"": 0.18, ""Telephone Access"": 0.02, ""Tests, Investigations and Results"": 0.02, ""Treatment Effectiveness and Safety"": 0.02, ""Vaccinations and Immunisations"": 0.01, ""Waiting Time at the Surgery"": 0.02, ""Website and Practice Information"": 0.02}",1.82,0.68,0.09,0.91,0.4,0.6
3/21/24 14:16,Very good,The receptionist listening to what I actually said,Scarsdale-Medical-Centre,Brompton-Health-PCN,Positive,0.73,Reception Service,0.96,Consultation Communication and Listening | Staff Kindness and Empathy,"{""Appointment Availability and Lead Times"": 0.02, ""Clinical Assessment and Diagnosis"": 0.03, ""Consultation Communication and Listening"": 0.76, ""Digital Booking and Online Systems"": 0.02, ""Facilities, Cleanliness and Environment"": 0.02, ""Feedback and Complaints Handling"": 0.12, ""Follow-up and Continuity of Care"": 0.02, ""Mental Health Support"": 0.03, ""Overall Service and Practice"": 0.19, ""Patient Information and Education"": 0.07, ""Physical Accessibility"": 0.02, ""Prescriptions and Medication Management"": 0.02, ""Reception Service"": 0.8, ""Referral, Specialist and Hospital Coordination"": 0.02, ""Remote Consultation"": 0.02, ""Respect, Dignity, Privacy and Inclusion"": 0.27, ""Staff Kindness and Empathy"": 0.62, ""Staff Professionalism and Knowledge"": 0.47, ""Telephone Access"": 0.08, ""Tests, Investigations and Results"": 0.02, ""Treatment Effectiveness and Safety"": 0.02, ""Vaccinations and Immunisations"": 0.02, ""Waiting Time at the Surgery"": 0.03, ""Website and Practice Information"": 0.02}",1.71,0.5,0.31,0.69,0.33,0.67
1/6/25 17:39,Very good,Very attentive GP who offered to take my blood pressure and pulse without me asking him,The-Chelsea-Practice,Brompton-Health-PCN,Positive,0.99,Clinical Assessment and Diagnosis,0.6,Staff Kindness and Empathy | Staff Professionalism and Knowledge,"{""Appointment Availability and Lead Times"": 0.02, ""Clinical Assessment and Diagnosis"": 0.51, ""Consultation Communication and Listening"": 0.37, ""Digital Booking and Online Systems"": 0.01, ""Facilities, Cleanliness and Environment"": 0.02, ""Feedback and Complaints Handling"": 0.02, ""Follow-up and Continuity of Care"": 0.07, ""Mental Health Support"": 0.01, ""Overall Service and Practice"": 0.16, ""Patient Information and Education"": 0.07, ""Physical Accessibility"": 0.03, ""Prescriptions and Medication Management"": 0.02, ""Reception Service"": 0.02, ""Referral, Specialist and Hospital Coordination"": 0.02, ""Remote Consultation"": 0.02, ""Respect, Dignity, Privacy and Inclusion"": 0.07, ""Staff Kindness and Empathy"": 0.63, ""Staff Professionalism and Knowledge"": 0.6, ""Telephone Access"": 0.02, ""Tests, Investigations and Results"": 0.25, ""Treatment Effectiveness and Safety"": 0.04, ""Vaccinations and Immunisations"": 0.01, ""Waiting Time at the Surgery"": 0.02, ""Website and Practice Information"": 0.02}",1.96,0.79,0.02,0.98,0.02,0.98
8/23/24 22:11,Very good,I needed to see a doctor that day and I did and received attentive care and medication for which I was very grateful,Stanhope-Mews-Surgery,Brompton-Health-PCN,Positive,1.0,Consultation Communication and Listening,0.33,,"{""Appointment Availability and Lead Times"": 0.06, ""Clinical Assessment and Diagnosis"": 0.11, ""Consultation Communication and Listening"": 0.24, ""Digital Booking and Online Systems"": 0.02, ""Facilities, Cleanliness and Environment"": 0.02, ""Feedback and Complaints Handling"": 0.02, ""Follow-up and Continuity of Care"": 0.04, ""Mental Health Support"": 0.02, ""Overall Service and Practice"": 0.39, ""Patient Information and Education"": 0.07, ""Physical Accessibility"": 0.03, ""Prescriptions and Medication Management"": 0.35, ""Reception Service"": 0.03, ""Referral, Specialist and Hospital Coordination"": 0.03, ""Remote Consultation"": 0.02, ""Respect, Dignity, Privacy and Inclusion"": 0.05, ""Staff Kindness and Empathy"": 0.36, ""Staff Professionalism and Knowledge"": 0.26, ""Telephone Access"": 0.02, ""Tests, Investigations and Results"": 0.02, ""Treatment Effectiveness and Safety"": 0.2, ""Vaccinations and Immunisations"": 0.02, ""Waiting Time at the Surgery"": 0.03, ""Website and Practice Information"": 0.02}",2.33,0.7,0.0,1.0,0.01,0.99
4/6/24 18:14,Good,My appointment started 40 minutes late,Scarsdale-Medical-Centre,Brompton-Health-PCN,Negative,0.94,Waiting Time at the Surgery,1.0,,"{""Appointment Availability and Lead Times"": 0.22, ""Clinical Assessment and Diagnosis"": 0.02, ""Consultation Communication and Listening"": 0.02, ""Digital Booking and Online Systems"": 0.02, ""Facilities, Cleanliness and Environment"": 0.02, ""Feedback and Complaints Handling"": 0.03, ""Follow-up and Continuity of Care"": 0.03, ""Mental Health Support"": 0.02, ""Overall Service and Practice"": 0.19, ""Patient Information and Education"": 0.02, ""Physical Accessibility"": 0.02, ""Prescriptions and Medication Management"": 0.01, ""Reception Service"": 0.12, ""Referral, Specialist and Hospital Coordination"": 0.02, ""Remote Consultation"": 0.02, ""Respect, Dignity, Privacy and Inclusion"": 0.03, ""Staff Kindness and Empathy"": 0.02, ""Staff Professionalism and Knowledge"": 0.04, ""Telephone Access"": 0.02, ""Tests, Investigations and Results"": 0.02, ""Treatment Effectiveness and Safety"": 0.02, ""Vaccinations and Immunisations"": 0.02, ""Waiting Time at the Surgery"": 0.89, ""Website and Practice Information"": 0.02}",1.44,0.51,2.95,0.95,0.87,0.49
12/4/26 17:45,Neither good nor poor,Porque el médico otorrino estaba sin pacientes y llegué 10 minutos tarde no me atendió por mucho que le pedí que me atendiera casi me pongo de rodillas me parece muy mal porque no me encontrá bien,Stanhope-Mews-Surgery,Brompton-Health-PCN,Negative,1.0,Staff Professionalism and Knowledge,0.3,"Staff Kindness and Empathy | Respect, Dignity, Privacy and Inclusion","{""Appointment Availability and Lead Times"": 0.14, ""Clinical Assessment and Diagnosis"": 0.21, ""Consultation Communication and Listening"": 0.43, ""Digital Booking and Online Systems"": 0.01, ""Facilities, Cleanliness and Environment"": 0.02, ""Feedback and Complaints Handling"": 0.09, ""Follow-up and Continuity of Care"": 0.06, ""Mental Health Support"": 0.03, ""Overall Service and Practice"": 0.48, ""Patient Information and Education"": 0.04, ""Physical Accessibility"": 0.04, ""Prescriptions and Medication Management"": 0.02, ""Reception Service"": 0.03, ""Referral, Specialist and Hospital Coordination"": 0.07, ""Remote Consultation"": 0.02, ""Respect, Dignity, Privacy and Inclusion"": 0.63, ""Staff Kindness and Empathy"": 0.76, ""Staff Professionalism and Knowledge"": 0.67, ""Telephone Access"": 0.02, ""Tests, Investigations and Results"": 0.02, ""Treatment Effectiveness and Safety"": 0.08, ""Vaccinations and Immunisations"": 0.01, ""Waiting Time at the Surgery"": 0.21, ""Website and Practice Information"": 0.02}",3.58,0.65,2.8,0.8,1.57,0.44
12/4/25 6:14,Very good,We were 5min late for our appointment and Dr PERSON very graciously agreed to see us Sincere apologies,The-Abingdon-Medical-Practice,Brompton-Health-PCN,Positive,0.79,Staff Kindness and Empathy,0.7,,"{""Appointment Availability and Lead Times"": 0.17, ""Clinical Assessment and Diagnosis"": 0.02, ""Consultation Communication and Listening"": 0.12, ""Digital Booking and Online Systems"": 0.02, ""Facilities, Cleanliness and Environment"": 0.02, ""Feedback and Complaints Handling"": 0.06, ""Follow-up and Continuity of Care"": 0.04, ""Mental Health Support"": 0.02, ""Overall Service and Practice"": 0.19, ""Patient Information and Education"": 0.02, ""Physical Accessibility"": 0.02, ""Prescriptions and Medication Management"": 0.02, ""Reception Service"": 0.05, ""Referral, Specialist and Hospital Coordination"": 0.02, ""Remote Consultation"": 0.02, ""Respect, Dignity, Privacy and Inclusion"": 0.18, ""Staff Kindness and Empathy"": 0.72, ""Staff Professionalism and Knowledge"": 0.32, ""Telephone Access"": 0.02, ""Tests, Investigations and Results"": 0.02, ""Treatment Effectiveness and Safety"": 0.02, ""Vaccinations and Immunisations"": 0.01, ""Waiting Time at the Surgery"": 0.09, ""Website and Practice Information"": 0.02}",1.74,0.67,1.25,0.18,0.14,0.86
8/13/26 18:37,Very good,Easy access to health care provider,Kensington-Park-Medical-Centre,Brompton-Health-PCN,Positive,0.87,Appointment Availability and Lead Times,0.86,,"{""Appointment Availability and Lead Times"": 0.26, ""Clinical Assessment and Diagnosis"": 0.03, ""Consultation Communication and Listening"": 0.03, ""Digital Booking and Online Systems"": 0.03, ""Facilities, Cleanliness and Environment"": 0.03, ""Feedback and Complaints Handling"": 0.02, ""Follow-up and Continuity of Care"": 0.04, ""Mental Health Support"": 0.03, ""Overall Service and Practice"": 0.12, ""Patient Information and Education"": 0.03, ""Physical Accessibility"": 0.35, ""Prescriptions and Medication Management"": 0.02, ""Reception Service"": 0.05, ""Referral, Specialist and Hospital Coordination"": 0.03, ""Remote Consultation"": 0.03, ""Respect, Dignity, Privacy and Inclusion"": 0.02, ""Staff Kindness and Empathy"": 0.02, ""Staff Professionalism and Knowledge"": 0.03, ""Telephone Access"": 0.05, ""Tests, Investigations and Results"": 0.02, ""Treatment Effectiveness and Safety"": 0.03, ""Vaccinations and Immunisations"": 0.02, ""Waiting Time at the Surgery"": 0.05, ""Website and Practice Information"": 0.03}",1.44,0.6,0.21,0.79,0.1,0.9
5/6/24 18:24,Very good,Because the entire staff and medical team go beyond the call of duty in providing clinical care and support with courtesy and extreme professionalism and diligence,Emperors-Gate-Health-Centre,Brompton-Health-PCN,Positive,1.0,Staff Professionalism and Knowledge,0.99,,"{""Appointment Availability and Lead Times"": 0.02, ""Clinical Assessment and Diagnosis"": 0.07, ""Consultation Communication and Listening"": 0.11, ""Digital Booking and Online Systems"": 0.02, ""Facilities, Cleanliness and Environment"": 0.03, ""Feedback and Complaints Handling"": 0.02, ""Follow-up and Continuity of Care"": 0.04, ""Mental Health Support"": 0.04, ""Overall Service and Practice"": 0.53, ""Patient Information and Education"": 0.04, ""Physical Accessibility"": 0.02, ""Prescriptions and Medication Management"": 0.03, ""Reception Service"": 0.04, ""Referral, Specialist and Hospital Coordination"": 0.03, ""Remote Consultation"": 0.02, ""Respect, Dignity, Privacy and Inclusion"": 0.09, ""Staff Kindness and Empathy"": 0.49, ""Staff Professionalism and Knowledge"": 0.78, ""Telephone Access"": 0.02, ""Tests, Investigations and Results"": 0.02, ""Treatment Effectiveness and Safety"": 0.06, ""Vaccinations and Immunisations"": 0.02, ""Waiting Time at the Surgery"": 0.02, ""Website and Practice Information"": 0.02}",3.66,0.72,0.0,1.0,0.03,0.97
4/22/26 12:25,Very good,Was quick Professional Clean And courteous,Stanhope-Mews-Surgery,Brompton-Health-PCN,Positive,0.99,Staff Professionalism and Knowledge,0.8,,"{""Appointment Availability and Lead Times"": 0.07, ""Clinical Assessment and Diagnosis"": 0.02, ""Consultation Communication and Listening"": 0.13, ""Digital Booking and Online Systems"": 0.02, ""Facilities, Cleanliness and Environment"": 0.59, ""Feedback and Complaints Handling"": 0.02, ""Follow-up and Continuity of Care"": 0.02, ""Mental Health Support"": 0.01, ""Overall Service and Practice"": 0.34, ""Patient Information and Education"": 0.02, ""Physical Accessibility"": 0.02, ""Prescriptions and Medication Management"": 0.02, ""Reception Service"": 0.11, ""Referral, Specialist and Hospital Coordination"": 0.02, ""Remote Consultation"": 0.02, ""Respect, Dignity, Privacy and Inclusion"": 0.06, ""Staff Kindness and Empathy"": 0.33, ""Staff Professionalism and Knowledge"": 0.54, ""Telephone Access"": 0.02, ""Tests, Investigations and Results"": 0.02, ""Treatment Effectiveness and Safety"": 0.04, ""Vaccinations and Immunisations"": 0.01, ""Waiting Time at the Surgery"": 0.4, ""Website and Practice Information"": 0.02}",2.06,0.88,0.0,1.0,0.01,0.99
3/13/24 16:11,Very good,I almost made a complaint about the repeated rudeness of one of the receptionists Mostly though it s Good and I like Dr PERSON,The-Abingdon-Medical-Practice,Brompton-Health-PCN,Neutral or Mixed,0.46,Reception Service,0.99,Staff Kindness and Empathy | Staff Professionalism and Knowledge,"{""Appointment Availability and Lead Times"": 0.02, ""Clinical Assessment and Diagnosis"": 0.02, ""Consultation Communication and Listening"": 0.1, ""Digital Booking and Online Systems"": 0.02, ""Facilities, Cleanliness and Environment"": 0.02, ""Feedback and Complaints Handling"": 0.14, ""Follow-up and Continuity of Care"": 0.03, ""Mental Health Support"": 0.02, ""Overall Service and Practice"": 0.46, ""Patient Information and Education"": 0.03, ""Physical Accessibility"": 0.02, ""Prescriptions and Medication Management"": 0.02, ""Reception Service"": 0.82, ""Referral, Specialist and Hospital Coordination"": 0.02, ""Remote Consultation"": 0.02, ""Respect, Dignity, Privacy and Inclusion"": 0.38, ""Staff Kindness and Empathy"": 0.62, ""Staff Professionalism and Knowledge"": 0.61, ""Telephone Access"": 0.03, ""Tests, Investigations and Results"": 0.02, ""Treatment Effectiveness and Safety"": 0.03, ""Vaccinations and Immunisations"": 0.02, ""Waiting Time at the Surgery"": 0.02, ""Website and Practice Information"": 0.02}",1.45,0.63,2.21,0.21,1.31,0.57
8/27/24 13:39,Very good,They always make a full effort,The-Abingdon-Medical-Practice,Brompton-Health-PCN,Positive,0.93,Staff Professionalism and Knowledge,0.7,,"{""Appointment Availability and Lead Times"": 0.02, ""Clinical Assessment and Diagnosis"": 0.02, ""Consultation Communication and Listening"": 0.03, ""Digital Booking and Online Systems"": 0.01, ""Facilities, Cleanliness and Environment"": 0.02, ""Feedback and Complaints Handling"": 0.02, ""Follow-up and Continuity of Care"": 0.02, ""Mental Health Support"": 0.02, ""Overall Service and Practice"": 0.22, ""Patient Information and Education"": 0.02, ""Physical Accessibility"": 0.02, ""Prescriptions and Medication Management"": 0.02, ""Reception Service"": 0.03, ""Referral, Specialist and Hospital Coordination"": 0.02, ""Remote Consultation"": 0.02, ""Respect, Dignity, Privacy and Inclusion"": 0.02, ""Staff Kindness and Empathy"": 0.06, ""Staff Professionalism and Knowledge"": 0.13, ""Telephone Access"": 0.02, ""Tests, Investigations and Results"": 0.02, ""Treatment Effectiveness and Safety"": 0.03, ""Vaccinations and Immunisations"": 0.01, ""Waiting Time at the Surgery"": 0.02, ""Website and Practice Information"": 0.02}",1.89,0.75,0.0,1.0,0.03,0.97
5/15/26 13:29,Good,I require a prescription fpr my psoarisis,Earls-Court-Surgery,Brompton-Health-PCN,Neutral or Mixed,0.99,Prescriptions and Medication Management,1.0,,"{""Appointment Availability and Lead Times"": 0.02, ""Clinical Assessment and Diagnosis"": 0.11, ""Consultation Communication and Listening"": 0.02, ""Digital Booking and Online Systems"": 0.02, ""Facilities, Cleanliness and Environment"": 0.02, ""Feedback and Complaints Handling"": 0.01, ""Follow-up and Continuity of Care"": 0.06, ""Mental Health Support"": 0.02, ""Overall Service and Practice"": 0.05, ""Patient Information and Education"": 0.04, ""Physical Accessibility"": 0.02, ""Prescriptions and Medication Management"": 0.89, ""Reception Service"": 0.02, ""Referral, Specialist and Hospital Coordination"": 0.02, ""Remote Consultation"": 0.02, ""Respect, Dignity, Privacy and Inclusion"": 0.02, ""Staff Kindness and Empathy"": 0.02, ""Staff Professionalism and Knowledge"": 0.02, ""Telephone Access"": 0.02, ""Tests, Investigations and Results"": 0.02, ""Treatment Effectiveness and Safety"": 0.03, ""Vaccinations and Immunisations"": 0.01, ""Waiting Time at the Surgery"": 0.02, ""Website and Practice Information"": 0.02}",0.02,0.98,0.99,0.01,1.75,0.23
11/14/24 17:22,Poor,I am housebound and it is very difficult to get GP home visit,Health-Partners-at-Violet-Melchett,Brompton-Health-PCN,Negative,0.99,Appointment Availability and Lead Times,0.68,,"{""Appointment Availability and Lead Times"": 0.77, ""Clinical Assessment and Diagnosis"": 0.1, ""Consultation Communication and Listening"": 0.03, ""Digital Booking and Online Systems"": 0.02, ""Facilities, Cleanliness and Environment"": 0.03, ""Feedback and Complaints Handling"": 0.03, ""Follow-up and Continuity of Care"": 0.16, ""Mental Health Support"": 0.02, ""Overall Service and Practice"": 0.32, ""Patient Information and Education"": 0.03, ""Physical Accessibility"": 0.37, ""Prescriptions and Medication Management"": 0.03, ""Reception Service"": 0.03, ""Referral, Specialist and Hospital Coordination"": 0.03, ""Remote Consultation"": 0.03, ""Respect, Dignity, Privacy and Inclusion"": 0.04, ""Staff Kindness and Empathy"": 0.03, ""Staff Professionalism and Knowledge"": 0.03, ""Telephone Access"": 0.03, ""Tests, Investigations and Results"": 0.02, ""Treatment Effectiveness and Safety"": 0.02, ""Vaccinations and Immunisations"": 0.02, ""Waiting Time at the Surgery"": 0.04, ""Website and Practice Information"": 0.02}",2.03,0.82,2.38,0.46,2.24,0.6
6/23/26 9:27,Good,I think that in reflection you should know my blood type which I believe to be A negative Can this be checked And added to my profile I am hopeful to see a dermatologist at C W hospital about the lesion on my nose which Dr PERSON identified as a Basel cell carcinoma Have my daily prescriptions of Clopidogrel and Atorvastatin 40 been reinstated at Harleys Chemist Thank you for your care PERSON,Stanhope-Mews-Surgery,Brompton-Health-PCN,Neutral or Mixed,0.8,"Referral, Specialist and Hospital Coordination",0.69,Prescriptions and Medication Management | Follow-up and Continuity of Care,"{""Appointment Availability and Lead Times"": 0.22, ""Clinical Assessment and Diagnosis"": 0.53, ""Consultation Communication and Listening"": 0.07, ""Digital Booking and Online Systems"": 0.02, ""Facilities, Cleanliness and Environment"": 0.02, ""Feedback and Complaints Handling"": 0.03, ""Follow-up and Continuity of Care"": 0.68, ""Mental Health Support"": 0.02, ""Overall Service and Practice"": 0.06, ""Patient Information and Education"": 0.3, ""Physical Accessibility"": 0.02, ""Prescriptions and Medication Management"": 0.93, ""Reception Service"": 0.03, ""Referral, Specialist and Hospital Coordination"": 0.89, ""Remote Consultation"": 0.03, ""Respect, Dignity, Privacy and Inclusion"": 0.03, ""Staff Kindness and Empathy"": 0.08, ""Staff Professionalism and Knowledge"": 0.06, ""Telephone Access"": 0.02, ""Tests, Investigations and Results"": 0.59, ""Treatment Effectiveness and Safety"": 0.1, ""Vaccinations and Immunisations"": 0.02, ""Waiting Time at the Surgery"": 0.02, ""Website and Practice Information"": 0.03}",0.47,0.61,2.7,0.7,2.5,0.5
6/2/25 18:55,Very good,Very supportive and called me back promptly,Emperors-Gate-Health-Centre,Brompton-Health-PCN,Positive,1.0,Staff Kindness and Empathy,0.65,Telephone Access | Follow-up and Continuity of Care | Consultation Communication and Listening,"{""Appointment Availability and Lead Times"": 0.11, ""Clinical Assessment and Diagnosis"": 0.02, ""Consultation Communication and Listening"": 0.69, ""Digital Booking and Online Systems"": 0.02, ""Facilities, Cleanliness and Environment"": 0.02, ""Feedback and Complaints Handling"": 0.25, ""Follow-up and Continuity of Care"": 0.6, ""Mental Health Support"": 0.11, ""Overall Service and Practice"": 0.35, ""Patient Information and Education"": 0.04, ""Physical Accessibility"": 0.02, ""Prescriptions and Medication Management"": 0.02, ""Reception Service"": 0.32, ""Referral, Specialist and Hospital Coordination"": 0.02, ""Remote Consultation"": 0.03, ""Respect, Dignity, Privacy and Inclusion"": 0.05, ""Staff Kindness and Empathy"": 0.77, ""Staff Professionalism and Knowledge"": 0.26, ""Telephone Access"": 0.72, ""Tests, Investigations and Results"": 0.02, ""Treatment Effectiveness and Safety"": 0.02, ""Vaccinations and Immunisations"": 0.01, ""Waiting Time at the Surgery"": 0.25, ""Website and Practice Information"": 0.02}",2.37,0.68,0.0,1.0,0.01,0.99
6/3/24 16:34,Very good,My recent visits have gone well The surgery lift seems unreliable,Stanhope-Mews-Surgery,Brompton-Health-PCN,Neutral or Mixed,0.96,Physical Accessibility,0.83,,"{""Appointment Availability and Lead Times"": 0.03, ""Clinical Assessment and Diagnosis"": 0.05, ""Consultation Communication and Listening"": 0.03, ""Digital Booking and Online Systems"": 0.02, ""Facilities, Cleanliness and Environment"": 0.37, ""Feedback and Complaints Handling"": 0.04, ""Follow-up and Continuity of Care"": 0.2, ""Mental Health Support"": 0.02, ""Overall Service and Practice"": 0.37, ""Patient Information and Education"": 0.03, ""Physical Accessibility"": 0.77, ""Prescriptions and Medication Management"": 0.02, ""Reception Service"": 0.03, ""Referral, Specialist and Hospital Coordination"": 0.04, ""Remote Consultation"": 0.02, ""Respect, Dignity, Privacy and Inclusion"": 0.02, ""Staff Kindness and Empathy"": 0.03, ""Staff Professionalism and Knowledge"": 0.04, ""Telephone Access"": 0.02, ""Tests, Investigations and Results"": 0.03, ""Treatment Effectiveness and Safety"": 0.36, ""Vaccinations and Immunisations"": 0.02, ""Waiting Time at the Surgery"": 0.04, ""Website and Practice Information"": 0.03}",1.1,0.88,2.64,0.64,2.25,0.51
11/22/24 19:50,Very good,This is my true feeling about everything at the surgery,The-Chelsea-Practice,Brompton-Health-PCN,Neutral or Mixed,0.98,Overall Service and Practice,0.68,,"{""Appointment Availability and Lead Times"": 0.02, ""Clinical Assessment and Diagnosis"": 0.03, ""Consultation Communication and Listening"": 0.04, ""Digital Booking and Online Systems"": 0.02, ""Facilities, Cleanliness and Environment"": 0.04, ""Feedback and Complaints Handling"": 0.04, ""Follow-up and Continuity of Care"": 0.03, ""Mental Health Support"": 0.03, ""Overall Service and Practice"": 0.16, ""Patient Information and Education"": 0.03, ""Physical Accessibility"": 0.02, ""Prescriptions and Medication Management"": 0.02, ""Reception Service"": 0.03, ""Referral, Specialist and Hospital Coordination"": 0.03, ""Remote Consultation"": 0.02, ""Respect, Dignity, Privacy and Inclusion"": 0.04, ""Staff Kindness and Empathy"": 0.04, ""Staff Professionalism and Knowledge"": 0.03, ""Telephone Access"": 0.02, ""Tests, Investigations and Results"": 0.03, ""Treatment Effectiveness and Safety"": 0.04, ""Vaccinations and Immunisations"": 0.02, ""Waiting Time at the Surgery"": 0.04, ""Website and Practice Information"": 0.03}",0.4,0.67,0.02,0.98,1.23,0.21
9/15/26 5:59,Good,I was treated well and with kindness,Health-Partners-at-Violet-Melchett,Brompton-Health-PCN,Positive,1.0,Staff Kindness and Empathy,1.0,,"{""Appointment Availability and Lead Times"": 0.02, ""Clinical Assessment and Diagnosis"": 0.02, ""Consultation Communication and Listening"": 0.16, ""Digital Booking and Online Systems"": 0.01, ""Facilities, Cleanliness and Environment"": 0.02, ""Feedback and Complaints Handling"": 0.03, ""Follow-up and Continuity of Care"": 0.02, ""Mental Health Support"": 0.03, ""Overall Service and Practice"": 0.46, ""Patient Information and Education"": 0.03, ""Physical Accessibility"": 0.02, ""Prescriptions and Medication Management"": 0.01, ""Reception Service"": 0.07, ""Referral, Specialist and Hospital Coordination"": 0.02, ""Remote Consultation"": 0.02, ""Respect, Dignity, Privacy and Inclusion"": 0.17, ""Staff Kindness and Empathy"": 0.81, ""Staff Professionalism and Knowledge"": 0.13, ""Telephone Access"": 0.01, ""Tests, Investigations and Results"": 0.01, ""Treatment Effectiveness and Safety"": 0.04, ""Vaccinations and Immunisations"": 0.01, ""Waiting Time at the Surgery"": 0.02, ""Website and Practice Information"": 0.02}",2.01,0.91,0.0,1.0,0.0,1.0
9/3/26 18:17,Very good,Dr PERSON who I have known for years Explains it clearly follows through pushes to do the tests,Kensington-Park-Medical-Centre,Brompton-Health-PCN,Positive,0.98,Consultation Communication and Listening,0.54,Staff Professionalism and Knowledge | Patient Information and Education,"{""Appointment Availability and Lead Times"": 0.03, ""Clinical Assessment and Diagnosis"": 0.33, ""Consultation Communication and Listening"": 0.68, ""Digital Booking and Online Systems"": 0.02, ""Facilities, Cleanliness and Environment"": 0.02, ""Feedback and Complaints Handling"": 0.03, ""Follow-up and Continuity of Care"": 0.56, ""Mental Health Support"": 0.06, ""Overall Service and Practice"": 0.22, ""Patient Information and Education"": 0.77, ""Physical Accessibility"": 0.02, ""Prescriptions and Medication Management"": 0.03, ""Reception Service"": 0.02, ""Referral, Specialist and Hospital Coordination"": 0.09, ""Remote Consultation"": 0.02, ""Respect, Dignity, Privacy and Inclusion"": 0.03, ""Staff Kindness and Empathy"": 0.19, ""Staff Professionalism and Knowledge"": 0.69, ""Telephone Access"": 0.03, ""Tests, Investigations and Results"": 0.56, ""Treatment Effectiveness and Safety"": 0.06, ""Vaccinations and Immunisations"": 0.03, ""Waiting Time at the Surgery"": 0.02, ""Website and Practice Information"": 0.02}",2.22,0.77,0.03,0.97,0.12,0.88
7/15/24 10:45,Very good,Relatively quick appointments and friendly GPs I would recommend,The-Chelsea-Practice,Brompton-Health-PCN,Positive,1.0,Waiting Time at the Surgery,0.43,,"{""Appointment Availability and Lead Times"": 0.52, ""Clinical Assessment and Diagnosis"": 0.03, ""Consultation Communication and Listening"": 0.14, ""Digital Booking and Online Systems"": 0.02, ""Facilities, Cleanliness and Environment"": 0.02, ""Feedback and Complaints Handling"": 0.02, ""Follow-up and Continuity of Care"": 0.03, ""Mental Health Support"": 0.02, ""Overall Service and Practice"": 0.36, ""Patient Information and Education"": 0.02, ""Physical Accessibility"": 0.03, ""Prescriptions and Medication Management"": 0.02, ""Reception Service"": 0.03, ""Referral, Specialist and Hospital Coordination"": 0.02, ""Remote Consultation"": 0.02, ""Respect, Dignity, Privacy and Inclusion"": 0.03, ""Staff Kindness and Empathy"": 0.59, ""Staff Professionalism and Knowledge"": 0.21, ""Telephone Access"": 0.02, ""Tests, Investigations and Results"": 0.02, ""Treatment Effectiveness and Safety"": 0.03, ""Vaccinations and Immunisations"": 0.02, ""Waiting Time at the Surgery"": 0.52, ""Website and Practice Information"": 0.02}",1.97,0.94,0.01,0.99,0.0,1.0
1/20/26 13:47,Very good,As ever the service I received from the surgery was faultless I really do believe tat everyone working there tries their best to help patients and they always succeed handsomely,Emperors-Gate-Health-Centre,Brompton-Health-PCN,Positive,1.0,Overall Service and Practice,0.84,,"{""Appointment Availability and Lead Times"": 0.02, ""Clinical Assessment and Diagnosis"": 0.03, ""Consultation Communication and Listening"": 0.06, ""Digital Booking and Online Systems"": 0.02, ""Facilities, Cleanliness and Environment"": 0.03, ""Feedback and Complaints Handling"": 0.03, ""Follow-up and Continuity of Care"": 0.04, ""Mental Health Support"": 0.02, ""Overall Service and Practice"": 0.78, ""Patient Information and Education"": 0.03, ""Physical Accessibility"": 0.02, ""Prescriptions and Medication Management"": 0.02, ""Reception Service"": 0.06, ""Referral, Specialist and Hospital Coordination"": 0.02, ""Remote Consultation"": 0.02, ""Respect, Dignity, Privacy and Inclusion"": 0.03, ""Staff Kindness and Empathy"": 0.42, ""Staff Professionalism and Knowledge"": 0.36, ""Telephone Access"": 0.02, ""Tests, Investigations and Results"": 0.02, ""Treatment Effectiveness and Safety"": 0.13, ""Vaccinations and Immunisations"": 0.02, ""Waiting Time at the Surgery"": 0.02, ""Website and Practice Information"": 0.02}",3.63,0.69,0.0,1.0,0.01,0.99
2/14/24 14:06,Very good,Prompt care even when it is not possible to see or hear from my GP,Stanhope-Mews-Surgery,Brompton-Health-PCN,Positive,0.85,Telephone Access,0.31,,"{""Appointment Availability and Lead Times"": 0.23, ""Clinical Assessment and Diagnosis"": 0.08, ""Consultation Communication and Listening"": 0.21, ""Digital Booking and Online Systems"": 0.04, ""Facilities, Cleanliness and Environment"": 0.02, ""Feedback and Complaints Handling"": 0.04, ""Follow-up and Continuity of Care"": 0.42, ""Mental Health Support"": 0.04, ""Overall Service and Practice"": 0.36, ""Patient Information and Education"": 0.08, ""Physical Accessibility"": 0.06, ""Prescriptions and Medication Management"": 0.05, ""Reception Service"": 0.11, ""Referral, Specialist and Hospital Coordination"": 0.03, ""Remote Consultation"": 0.31, ""Respect, Dignity, Privacy and Inclusion"": 0.04, ""Staff Kindness and Empathy"": 0.12, ""Staff Professionalism and Knowledge"": 0.13, ""Telephone Access"": 0.34, ""Tests, Investigations and Results"": 0.02, ""Treatment Effectiveness and Safety"": 0.07, ""Vaccinations and Immunisations"": 0.02, ""Waiting Time at the Surgery"": 0.12, ""Website and Practice Information"": 0.03}",2.04,0.71,1.31,0.0,1.68,0.0
5/21/24 12:16,Very good,The waiting time was not long and a Good consultation,Health-Partners-at-Violet-Melchett,Brompton-Health-PCN,Positive,0.99,Waiting Time at the Surgery,0.57,Appointment Availability and Lead Times,"{""Appointment Availability and Lead Times"": 0.71, ""Clinical Assessment and Diagnosis"": 0.17, ""Consultation Communication and Listening"": 0.2, ""Digital Booking and Online Systems"": 0.02, ""Facilities, Cleanliness and Environment"": 0.03, ""Feedback and Complaints Handling"": 0.03, ""Follow-up and Continuity of Care"": 0.03, ""Mental Health Support"": 0.05, ""Overall Service and Practice"": 0.2, ""Patient Information and Education"": 0.13, ""Physical Accessibility"": 0.02, ""Prescriptions and Medication Management"": 0.02, ""Reception Service"": 0.17, ""Referral, Specialist and Hospital Coordination"": 0.02, ""Remote Consultation"": 0.04, ""Respect, Dignity, Privacy and Inclusion"": 0.02, ""Staff Kindness and Empathy"": 0.05, ""Staff Professionalism and Knowledge"": 0.21, ""Telephone Access"": 0.03, ""Tests, Investigations and Results"": 0.02, ""Treatment Effectiveness and Safety"": 0.03, ""Vaccinations and Immunisations"": 0.02, ""Waiting Time at the Surgery"": 0.9, ""Website and Practice Information"": 0.02}",1.86,0.87,0.01,0.99,0.0,1.0
9/10/25 13:37,Very good,Excellent service from start to finish Dr PERSON and Dr PERSON are professional kind and truly care about their patients The whole experience was smooth efficient and reassuring,Kensington-Park-Medical-Centre,Brompton-Health-PCN,Positive,1.0,Staff Professionalism and Knowledge,0.43,Staff Kindness and Empathy | Overall Service and Practice,"{""Appointment Availability and Lead Times"": 0.03, ""Clinical Assessment and Diagnosis"": 0.03, ""Consultation Communication and Listening"": 0.21, ""Digital Booking and Online Systems"": 0.02, ""Facilities, Cleanliness and Environment"": 0.03, ""Feedback and Complaints Handling"": 0.02, ""Follow-up and Continuity of Care"": 0.05, ""Mental Health Support"": 0.03, ""Overall Service and Practice"": 0.78, ""Patient Information and Education"": 0.05, ""Physical Accessibility"": 0.02, ""Prescriptions and Medication Management"": 0.02, ""Reception Service"": 0.04, ""Referral, Specialist and Hospital Coordination"": 0.02, ""Remote Consultation"": 0.02, ""Respect, Dignity, Privacy and Inclusion"": 0.07, ""Staff Kindness and Empathy"": 0.86, ""Staff Professionalism and Knowledge"": 0.73, ""Telephone Access"": 0.02, ""Tests, Investigations and Results"": 0.02, ""Treatment Effectiveness and Safety"": 0.05, ""Vaccinations and Immunisations"": 0.02, ""Waiting Time at the Surgery"": 0.05, ""Website and Practice Information"": 0.02}",3.08,0.93,0.0,1.0,0.01,0.99
9/20/24 16:30,Very good,Very good reception kind doctor who took the time to explain everything clearly,Kensington-Park-Medical-Centre,Brompton-Health-PCN,Positive,1.0,Consultation Communication and Listening,0.82,Reception Service | Staff Kindness and Empathy | Staff Professionalism and Knowledge | Patient Information and Education,"{""Appointment Availability and Lead Times"": 0.02, ""Clinical Assessment and Diagnosis"": 0.07, ""Consultation Communication and Listening"": 0.8, ""Digital Booking and Online Systems"": 0.01, ""Facilities, Cleanliness and Environment"": 0.02, ""Feedback and Complaints Handling"": 0.03, ""Follow-up and Continuity of Care"": 0.03, ""Mental Health Support"": 0.03, ""Overall Service and Practice"": 0.2, ""Patient Information and Education"": 0.85, ""Physical Accessibility"": 0.02, ""Prescriptions and Medication Management"": 0.03, ""Reception Service"": 0.63, ""Referral, Specialist and Hospital Coordination"": 0.02, ""Remote Consultation"": 0.02, ""Respect, Dignity, Privacy and Inclusion"": 0.11, ""Staff Kindness and Empathy"": 0.84, ""Staff Professionalism and Knowledge"": 0.76, ""Telephone Access"": 0.02, ""Tests, Investigations and Results"": 0.03, ""Treatment Effectiveness and Safety"": 0.03, ""Vaccinations and Immunisations"": 0.02, ""Waiting Time at the Surgery"": 0.02, ""Website and Practice Information"": 0.02}",2.4,0.66,0.0,1.0,0.0,1.0
4/7/25 12:14,Very good,The doctor was very helpful and very kind to me,Earls-Court-Medical-Centre,Brompton-Health-PCN,Positive,1.0,Staff Kindness and Empathy,1.0,,"{""Appointment Availability and Lead Times"": 0.02, ""Clinical Assessment and Diagnosis"": 0.03, ""Consultation Communication and Listening"": 0.19, ""Digital Booking and Online Systems"": 0.01, ""Facilities, Cleanliness and Environment"": 0.02, ""Feedback and Complaints Handling"": 0.02, ""Follow-up and Continuity of Care"": 0.02, ""Mental Health Support"": 0.03, ""Overall Service and Practice"": 0.14, ""Patient Information and Education"": 0.04, ""Physical Accessibility"": 0.02, ""Prescriptions and Medication Management"": 0.02, ""Reception Service"": 0.02, ""Referral, Specialist and Hospital Coordination"": 0.02, ""Remote Consultation"": 0.02, ""Respect, Dignity, Privacy and Inclusion"": 0.08, ""Staff Kindness and Empathy"": 0.85, ""Staff Professionalism and Knowledge"": 0.2, ""Telephone Access"": 0.01, ""Tests, Investigations and Results"": 0.02, ""Treatment Effectiveness and Safety"": 0.03, ""Vaccinations and Immunisations"": 0.02, ""Waiting Time at the Surgery"": 0.02, ""Website and Practice Information"": 0.02}",2.52,0.6,0.0,1.0,0.0,1.0
7/28/26 15:06,Very good,Very responsive and helpful with advice,Emperors-Gate-Health-Centre,Brompton-Health-PCN,Positive,1.0,Staff Professionalism and Knowledge,0.44,,"{""Appointment Availability and Lead Times"": 0.02, ""Clinical Assessment and Diagnosis"": 0.02, ""Consultation Communication and Listening"": 0.47, ""Digital Booking and Online Systems"": 0.02, ""Facilities, Cleanliness and Environment"": 0.02, ""Feedback and Complaints Handling"": 0.15, ""Follow-up and Continuity of Care"": 0.07, ""Mental Health Support"": 0.03, ""Overall Service and Practice"": 0.34, ""Patient Information and Education"": 0.3, ""Physical Accessibility"": 0.02, ""Prescriptions and Medication Management"": 0.02, ""Reception Service"": 0.09, ""Referral, Specialist and Hospital Coordination"": 0.02, ""Remote Consultation"": 0.03, ""Respect, Dignity, Privacy and Inclusion"": 0.02, ""Staff Kindness and Empathy"": 0.25, ""Staff Professionalism and Knowledge"": 0.53, ""Telephone Access"": 0.03, ""Tests, Investigations and Results"": 0.02, ""Treatment Effectiveness and Safety"": 0.02, ""Vaccinations and Immunisations"": 0.02, ""Waiting Time at the Surgery"": 0.02, ""Website and Practice Information"": 0.02}",2.57,0.64,0.0,1.0,0.0,1.0
9/15/26 18:03,Very good,They got in touch with me asap when they found something wrong with a test just so I could have it repeated which I have done so,Stanhope-Mews-Surgery,Brompton-Health-PCN,Positive,0.89,"Tests, Investigations and Results",1.0,Follow-up and Continuity of Care,"{""Appointment Availability and Lead Times"": 0.11, ""Clinical Assessment and Diagnosis"": 0.11, ""Consultation Communication and Listening"": 0.46, ""Digital Booking and Online Systems"": 0.02, ""Facilities, Cleanliness and Environment"": 0.02, ""Feedback and Complaints Handling"": 0.34, ""Follow-up and Continuity of Care"": 0.7, ""Mental Health Support"": 0.02, ""Overall Service and Practice"": 0.32, ""Patient Information and Education"": 0.3, ""Physical Accessibility"": 0.02, ""Prescriptions and Medication Management"": 0.02, ""Reception Service"": 0.07, ""Referral, Specialist and Hospital Coordination"": 0.03, ""Remote Consultation"": 0.02, ""Respect, Dignity, Privacy and Inclusion"": 0.03, ""Staff Kindness and Empathy"": 0.17, ""Staff Professionalism and Knowledge"": 0.37, ""Telephone Access"": 0.1, ""Tests, Investigations and Results"": 0.81, ""Treatment Effectiveness and Safety"": 0.05, ""Vaccinations and Immunisations"": 0.02, ""Waiting Time at the Surgery"": 0.03, ""Website and Practice Information"": 0.03}",1.77,0.69,0.32,0.68,0.36,0.64
3/6/26 17:32,Very poor,A new doctor at the clinic with no experience and hasn t done anything,The-Good-Practice,Brompton-Health-PCN,Negative,0.99,Staff Professionalism and Knowledge,1.0,,"{""Appointment Availability and Lead Times"": 0.02, ""Clinical Assessment and Diagnosis"": 0.07, ""Consultation Communication and Listening"": 0.04, ""Digital Booking and Online Systems"": 0.02, ""Facilities, Cleanliness and Environment"": 0.02, ""Feedback and Complaints Handling"": 0.03, ""Follow-up and Continuity of Care"": 0.06, ""Mental Health Support"": 0.02, ""Overall Service and Practice"": 0.42, ""Patient Information and Education"": 0.03, ""Physical Accessibility"": 0.02, ""Prescriptions and Medication Management"": 0.04, ""Reception Service"": 0.02, ""Referral, Specialist and Hospital Coordination"": 0.02, ""Remote Consultation"": 0.02, ""Respect, Dignity, Privacy and Inclusion"": 0.02, ""Staff Kindness and Empathy"": 0.03, ""Staff Professionalism and Knowledge"": 0.74, ""Telephone Access"": 0.02, ""Tests, Investigations and Results"": 0.03, ""Treatment Effectiveness and Safety"": 0.21, ""Vaccinations and Immunisations"": 0.02, ""Waiting Time at the Surgery"": 0.03, ""Website and Practice Information"": 0.02}",2.61,0.61,1.55,0.27,2.24,0.51
8/17/26 17:26,Very good,I felt taken care of and given professional help,Health-Partners-at-Violet-Melchett,Brompton-Health-PCN,Positive,1.0,Staff Professionalism and Knowledge,0.45,,"{""Appointment Availability and Lead Times"": 0.02, ""Clinical Assessment and Diagnosis"": 0.05, ""Consultation Communication and Listening"": 0.19, ""Digital Booking and Online Systems"": 0.02, ""Facilities, Cleanliness and Environment"": 0.02, ""Feedback and Complaints Handling"": 0.03, ""Follow-up and Continuity of Care"": 0.05, ""Mental Health Support"": 0.18, ""Overall Service and Practice"": 0.51, ""Patient Information and Education"": 0.1, ""Physical Accessibility"": 0.02, ""Prescriptions and Medication Management"": 0.03, ""Reception Service"": 0.05, ""Referral, Specialist and Hospital Coordination"": 0.02, ""Remote Consultation"": 0.02, ""Respect, Dignity, Privacy and Inclusion"": 0.06, ""Staff Kindness and Empathy"": 0.5, ""Staff Professionalism and Knowledge"": 0.63, ""Telephone Access"": 0.02, ""Tests, Investigations and Results"": 0.02, ""Treatment Effectiveness and Safety"": 0.17, ""Vaccinations and Immunisations"": 0.02, ""Waiting Time at the Surgery"": 0.02, ""Website and Practice Information"": 0.02}",2.15,0.86,0.0,1.0,0.02,0.98
7/12/25 17:16,Very good,I received very prompt telephone appointments and good feedback on results of tests,Stanhope-Mews-Surgery,Brompton-Health-PCN,Positive,1.0,Appointment Availability and Lead Times,0.47,"Telephone Access | Tests, Investigations and Results","{""Appointment Availability and Lead Times"": 0.85, ""Clinical Assessment and Diagnosis"": 0.16, ""Consultation Communication and Listening"": 0.39, ""Digital Booking and Online Systems"": 0.03, ""Facilities, Cleanliness and Environment"": 0.02, ""Feedback and Complaints Handling"": 0.52, ""Follow-up and Continuity of Care"": 0.49, ""Mental Health Support"": 0.03, ""Overall Service and Practice"": 0.24, ""Patient Information and Education"": 0.46, ""Physical Accessibility"": 0.03, ""Prescriptions and Medication Management"": 0.02, ""Reception Service"": 0.3, ""Referral, Specialist and Hospital Coordination"": 0.03, ""Remote Consultation"": 0.28, ""Respect, Dignity, Privacy and Inclusion"": 0.02, ""Staff Kindness and Empathy"": 0.07, ""Staff Professionalism and Knowledge"": 0.22, ""Telephone Access"": 0.82, ""Tests, Investigations and Results"": 0.88, ""Treatment Effectiveness and Safety"": 0.15, ""Vaccinations and Immunisations"": 0.02, ""Waiting Time at the Surgery"": 0.23, ""Website and Practice Information"": 0.03}",2.0,0.92,0.0,1.0,0.01,0.99
7/25/24 18:11,Very good,Very helpful friendly and polite staff Can t recommend enough,Stanhope-Mews-Surgery,Brompton-Health-PCN,Positive,1.0,Staff Kindness and Empathy,0.55,,"{""Appointment Availability and Lead Times"": 0.02, ""Clinical Assessment and Diagnosis"": 0.01, ""Consultation Communication and Listening"": 0.13, ""Digital Booking and Online Systems"": 0.02, ""Facilities, Cleanliness and Environment"": 0.02, ""Feedback and Complaints Handling"": 0.02, ""Follow-up and Continuity of Care"": 0.02, ""Mental Health Support"": 0.01, ""Overall Service and Practice"": 0.35, ""Patient Information and Education"": 0.03, ""Physical Accessibility"": 0.02, ""Prescriptions and Medication Management"": 0.02, ""Reception Service"": 0.14, ""Referral, Specialist and Hospital Coordination"": 0.02, ""Remote Consultation"": 0.02, ""Respect, Dignity, Privacy and Inclusion"": 0.06, ""Staff Kindness and Empathy"": 0.8, ""Staff Professionalism and Knowledge"": 0.4, ""Telephone Access"": 0.01, ""Tests, Investigations and Results"": 0.01, ""Treatment Effectiveness and Safety"": 0.02, ""Vaccinations and Immunisations"": 0.01, ""Waiting Time at the Surgery"": 0.02, ""Website and Practice Information"": 0.02}",3.45,0.62,0.0,1.0,0.01,0.99
11/15/25 9:06,Very good,Telephoned on time and helped sort my problem out,Kensington-Park-Medical-Centre,Brompton-Health-PCN,Positive,0.96,Remote Consultation,0.48,,"{""Appointment Availability and Lead Times"": 0.14, ""Clinical Assessment and Diagnosis"": 0.02, ""Consultation Communication and Listening"": 0.2, ""Digital Booking and Online Systems"": 0.02, ""Facilities, Cleanliness and Environment"": 0.02, ""Feedback and Complaints Handling"": 0.11, ""Follow-up and Continuity of Care"": 0.04, ""Mental Health Support"": 0.03, ""Overall Service and Practice"": 0.28, ""Patient Information and Education"": 0.07, ""Physical Accessibility"": 0.02, ""Prescriptions and Medication Management"": 0.02, ""Reception Service"": 0.21, ""Referral, Specialist and Hospital Coordination"": 0.02, ""Remote Consultation"": 0.26, ""Respect, Dignity, Privacy and Inclusion"": 0.02, ""Staff Kindness and Empathy"": 0.06, ""Staff Professionalism and Knowledge"": 0.29, ""Telephone Access"": 0.51, ""Tests, Investigations and Results"": 0.02, ""Treatment Effectiveness and Safety"": 0.12, ""Vaccinations and Immunisations"": 0.01, ""Waiting Time at the Surgery"": 0.21, ""Website and Practice Information"": 0.02}",1.59,0.66,0.0,1.0,0.0,1.0
1/14/25 16:20,Very good,Easy to book good facilities and friendly helpful staff,Kensington-Park-Medical-Centre,Brompton-Health-PCN,Positive,1.0,Reception Service,0.49,"Staff Kindness and Empathy | Facilities, Cleanliness and Environment","{""Appointment Availability and Lead Times"": 0.15, ""Clinical Assessment and Diagnosis"": 0.01, ""Consultation Communication and Listening"": 0.11, ""Digital Booking and Online Systems"": 0.24, ""Facilities, Cleanliness and Environment"": 0.69, ""Feedback and Complaints Handling"": 0.03, ""Follow-up and Continuity of Care"": 0.02, ""Mental Health Support"": 0.01, ""Overall Service and Practice"": 0.45, ""Patient Information and Education"": 0.02, ""Physical Accessibility"": 0.04, ""Prescriptions and Medication Management"": 0.01, ""Reception Service"": 0.32, ""Referral, Specialist and Hospital Coordination"": 0.02, ""Remote Consultation"": 0.02, ""Respect, Dignity, Privacy and Inclusion"": 0.03, ""Staff Kindness and Empathy"": 0.78, ""Staff Professionalism and Knowledge"": 0.45, ""Telephone Access"": 0.02, ""Tests, Investigations and Results"": 0.01, ""Treatment Effectiveness and Safety"": 0.02, ""Vaccinations and Immunisations"": 0.01, ""Waiting Time at the Surgery"": 0.02, ""Website and Practice Information"": 0.16}",2.07,0.92,0.0,1.0,0.0,1.0
1/26/24 12:50,Very good,Fix the TV that was used to direct the client patient to the consultation room This was a very important help for everyone,Scarsdale-Medical-Centre,Brompton-Health-PCN,Positive,0.79,"Facilities, Cleanliness and Environment",0.56,,"{""Appointment Availability and Lead Times"": 0.02, ""Clinical Assessment and Diagnosis"": 0.03, ""Consultation Communication and Listening"": 0.08, ""Digital Booking and Online Systems"": 0.03, ""Facilities, Cleanliness and Environment"": 0.47, ""Feedback and Complaints Handling"": 0.03, ""Follow-up and Continuity of Care"": 0.03, ""Mental Health Support"": 0.03, ""Overall Service and Practice"": 0.11, ""Patient Information and Education"": 0.14, ""Physical Accessibility"": 0.1, ""Prescriptions and Medication Management"": 0.02, ""Reception Service"": 0.08, ""Referral, Specialist and Hospital Coordination"": 0.14, ""Remote Consultation"": 0.08, ""Respect, Dignity, Privacy and Inclusion"": 0.02, ""Staff Kindness and Empathy"": 0.06, ""Staff Professionalism and Knowledge"": 0.04, ""Telephone Access"": 0.02, ""Tests, Investigations and Results"": 0.02, ""Treatment Effectiveness and Safety"": 0.02, ""Vaccinations and Immunisations"": 0.01, ""Waiting Time at the Surgery"": 0.02, ""Website and Practice Information"": 0.02}",2.51,0.57,2.35,0.35,0.98,0.02
11/9/25 19:27,Very good,Amazing staff both medical and administrative,Kensington-Park-Medical-Centre,Brompton-Health-PCN,Positive,1.0,Staff Professionalism and Knowledge,0.77,,"{""Appointment Availability and Lead Times"": 0.02, ""Clinical Assessment and Diagnosis"": 0.03, ""Consultation Communication and Listening"": 0.06, ""Digital Booking and Online Systems"": 0.02, ""Facilities, Cleanliness and Environment"": 0.02, ""Feedback and Complaints Handling"": 0.02, ""Follow-up and Continuity of Care"": 0.02, ""Mental Health Support"": 0.02, ""Overall Service and Practice"": 0.26, ""Patient Information and Education"": 0.03, ""Physical Accessibility"": 0.02, ""Prescriptions and Medication Management"": 0.02, ""Reception Service"": 0.18, ""Referral, Specialist and Hospital Coordination"": 0.02, ""Remote Consultation"": 0.02, ""Respect, Dignity, Privacy and Inclusion"": 0.03, ""Staff Kindness and Empathy"": 0.36, ""Staff Professionalism and Knowledge"": 0.54, ""Telephone Access"": 0.02, ""Tests, Investigations and Results"": 0.02, ""Treatment Effectiveness and Safety"": 0.03, ""Vaccinations and Immunisations"": 0.02, ""Waiting Time at the Surgery"": 0.02, ""Website and Practice Information"": 0.02}",3.14,0.87,0.0,1.0,0.01,0.99
5/20/24 14:55,Neither good nor poor,Since the surgery has moved to it s new home in flood street I have experienced problems with seeing too many different doctors also ordering my medication on line doesn t always go right and I feel sometimes that my health conditions aren t always checked as frequently as I would like,Health-Partners-at-Violet-Melchett,Brompton-Health-PCN,Negative,1.0,Follow-up and Continuity of Care,0.98,"Digital Booking and Online Systems | Prescriptions and Medication Management | Referral, Specialist and Hospital Coordination | Clinical Assessment and Diagnosis","{""Appointment Availability and Lead Times"": 0.2, ""Clinical Assessment and Diagnosis"": 0.73, ""Consultation Communication and Listening"": 0.21, ""Digital Booking and Online Systems"": 0.63, ""Facilities, Cleanliness and Environment"": 0.08, ""Feedback and Complaints Handling"": 0.05, ""Follow-up and Continuity of Care"": 0.89, ""Mental Health Support"": 0.02, ""Overall Service and Practice"": 0.49, ""Patient Information and Education"": 0.12, ""Physical Accessibility"": 0.06, ""Prescriptions and Medication Management"": 0.89, ""Reception Service"": 0.04, ""Referral, Specialist and Hospital Coordination"": 0.71, ""Remote Consultation"": 0.26, ""Respect, Dignity, Privacy and Inclusion"": 0.03, ""Staff Kindness and Empathy"": 0.03, ""Staff Professionalism and Knowledge"": 0.15, ""Telephone Access"": 0.03, ""Tests, Investigations and Results"": 0.31, ""Treatment Effectiveness and Safety"": 0.36, ""Vaccinations and Immunisations"": 0.02, ""Waiting Time at the Surgery"": 0.06, ""Website and Practice Information"": 0.37}",1.88,0.88,2.71,0.71,1.89,0.73
12/5/25 20:51,Very good,Very professional Doctors Very kind and helpful Reception Support Staff,Kensington-Park-Medical-Centre,Brompton-Health-PCN,Positive,1.0,Staff Professionalism and Knowledge,0.81,Reception Service | Staff Kindness and Empathy,"{""Appointment Availability and Lead Times"": 0.02, ""Clinical Assessment and Diagnosis"": 0.03, ""Consultation Communication and Listening"": 0.12, ""Digital Booking and Online Systems"": 0.02, ""Facilities, Cleanliness and Environment"": 0.03, ""Feedback and Complaints Handling"": 0.02, ""Follow-up and Continuity of Care"": 0.02, ""Mental Health Support"": 0.02, ""Overall Service and Practice"": 0.21, ""Patient Information and Education"": 0.04, ""Physical Accessibility"": 0.02, ""Prescriptions and Medication Management"": 0.02, ""Reception Service"": 0.78, ""Referral, Specialist and Hospital Coordination"": 0.02, ""Remote Consultation"": 0.02, ""Respect, Dignity, Privacy and Inclusion"": 0.06, ""Staff Kindness and Empathy"": 0.81, ""Staff Professionalism and Knowledge"": 0.69, ""Telephone Access"": 0.02, ""Tests, Investigations and Results"": 0.02, ""Treatment Effectiveness and Safety"": 0.03, ""Vaccinations and Immunisations"": 0.02, ""Waiting Time at the Surgery"": 0.02, ""Website and Practice Information"": 0.02}",2.82,0.83,0.0,1.0,0.0,1.0
11/9/24 8:35,Very good,I was greeted politely as soon as I entered to the reception,The-Abingdon-Medical-Practice,Brompton-Health-PCN,Positive,0.9,Reception Service,1.0,Staff Kindness and Empathy,"{""Appointment Availability and Lead Times"": 0.02, ""Clinical Assessment and Diagnosis"": 0.01, ""Consultation Communication and Listening"": 0.09, ""Digital Booking and Online Systems"": 0.02, ""Facilities, Cleanliness and Environment"": 0.04, ""Feedback and Complaints Handling"": 0.02, ""Follow-up and Continuity of Care"": 0.02, ""Mental Health Support"": 0.01, ""Overall Service and Practice"": 0.27, ""Patient Information and Education"": 0.02, ""Physical Accessibility"": 0.02, ""Prescriptions and Medication Management"": 0.01, ""Reception Service"": 0.83, ""Referral, Specialist and Hospital Coordination"": 0.01, ""Remote Consultation"": 0.01, ""Respect, Dignity, Privacy and Inclusion"": 0.23, ""Staff Kindness and Empathy"": 0.71, ""Staff Professionalism and Knowledge"": 0.45, ""Telephone Access"": 0.02, ""Tests, Investigations and Results"": 0.01, ""Treatment Effectiveness and Safety"": 0.01, ""Vaccinations and Immunisations"": 0.01, ""Waiting Time at the Surgery"": 0.02, ""Website and Practice Information"": 0.02}",1.13,0.88,0.0,1.0,0.0,1.0
12/8/25 8:57,Very good,The nurse was very friendly she made me feel comfortable,Kensington-Park-Medical-Centre,Brompton-Health-PCN,Positive,1.0,Staff Kindness and Empathy,1.0,,"{""Appointment Availability and Lead Times"": 0.01, ""Clinical Assessment and Diagnosis"": 0.02, ""Consultation Communication and Listening"": 0.21, ""Digital Booking and Online Systems"": 0.01, ""Facilities, Cleanliness and Environment"": 0.02, ""Feedback and Complaints Handling"": 0.02, ""Follow-up and Continuity of Care"": 0.02, ""Mental Health Support"": 0.04, ""Overall Service and Practice"": 0.19, ""Patient Information and Education"": 0.03, ""Physical Accessibility"": 0.02, ""Prescriptions and Medication Management"": 0.01, ""Reception Service"": 0.03, ""Referral, Specialist and Hospital Coordination"": 0.01, ""Remote Consultation"": 0.02, ""Respect, Dignity, Privacy and Inclusion"": 0.09, ""Staff Kindness and Empathy"": 0.9, ""Staff Professionalism and Knowledge"": 0.12, ""Telephone Access"": 0.01, ""Tests, Investigations and Results"": 0.02, ""Treatment Effectiveness and Safety"": 0.02, ""Vaccinations and Immunisations"": 0.01, ""Waiting Time at the Surgery"": 0.02, ""Website and Practice Information"": 0.02}",2.1,0.89,0.0,1.0,0.0,1.0
4/17/26 9:54,Very good,Able to get me an appointment quickly,The-Chelsea-Practice,Brompton-Health-PCN,Positive,0.93,Appointment Availability and Lead Times,1.0,,"{""Appointment Availability and Lead Times"": 0.92, ""Clinical Assessment and Diagnosis"": 0.03, ""Consultation Communication and Listening"": 0.04, ""Digital Booking and Online Systems"": 0.06, ""Facilities, Cleanliness and Environment"": 0.02, ""Feedback and Complaints Handling"": 0.03, ""Follow-up and Continuity of Care"": 0.04, ""Mental Health Support"": 0.04, ""Overall Service and Practice"": 0.23, ""Patient Information and Education"": 0.03, ""Physical Accessibility"": 0.03, ""Prescriptions and Medication Management"": 0.02, ""Reception Service"": 0.5, ""Referral, Specialist and Hospital Coordination"": 0.06, ""Remote Consultation"": 0.02, ""Respect, Dignity, Privacy and Inclusion"": 0.02, ""Staff Kindness and Empathy"": 0.03, ""Staff Professionalism and Knowledge"": 0.05, ""Telephone Access"": 0.15, ""Tests, Investigations and Results"": 0.02, ""Treatment Effectiveness and Safety"": 0.02, ""Vaccinations and Immunisations"": 0.02, ""Waiting Time at the Surgery"": 0.57, ""Website and Practice Information"": 0.04}",1.62,0.66,0.03,0.97,0.03,0.97
2/6/25 6:46,Very good,Pleasant and helpful medical and administrative staff,Health-Partners-at-Violet-Melchett,Brompton-Health-PCN,Positive,1.0,Reception Service,0.56,Staff Kindness and Empathy,"{""Appointment Availability and Lead Times"": 0.02, ""Clinical Assessment and Diagnosis"": 0.03, ""Consultation Communication and Listening"": 0.1, ""Digital Booking and Online Systems"": 0.02, ""Facilities, Cleanliness and Environment"": 0.03, ""Feedback and Complaints Handling"": 0.02, ""Follow-up and Continuity of Care"": 0.03, ""Mental Health Support"": 0.02, ""Overall Service and Practice"": 0.19, ""Patient Information and Education"": 0.04, ""Physical Accessibility"": 0.02, ""Prescriptions and Medication Management"": 0.02, ""Reception Service"": 0.29, ""Referral, Specialist and Hospital Coordination"": 0.02, ""Remote Consultation"": 0.02, ""Respect, Dignity, Privacy and Inclusion"": 0.05, ""Staff Kindness and Empathy"": 0.75, ""Staff Professionalism and Knowledge"": 0.38, ""Telephone Access"": 0.02, ""Tests, Investigations and Results"": 0.02, ""Treatment Effectiveness and Safety"": 0.02, ""Vaccinations and Immunisations"": 0.02, ""Waiting Time at the Surgery"": 0.02, ""Website and Practice Information"": 0.02}",1.9,0.89,0.0,1.0,0.0,1.0
11/9/25 9:59,Very good,I was given an appointment on the day that I phoned to make one and saw Doctor PERSON who was lovely and very reassuring,The-Chelsea-Practice,Brompton-Health-PCN,Positive,1.0,Appointment Availability and Lead Times,0.48,Staff Kindness and Empathy,"{""Appointment Availability and Lead Times"": 0.75, ""Clinical Assessment and Diagnosis"": 0.04, ""Consultation Communication and Listening"": 0.48, ""Digital Booking and Online Systems"": 0.02, ""Facilities, Cleanliness and Environment"": 0.02, ""Feedback and Complaints Handling"": 0.02, ""Follow-up and Continuity of Care"": 0.05, ""Mental Health Support"": 0.04, ""Overall Service and Practice"": 0.21, ""Patient Information and Education"": 0.11, ""Physical Accessibility"": 0.02, ""Prescriptions and Medication Management"": 0.02, ""Reception Service"": 0.16, ""Referral, Specialist and Hospital Coordination"": 0.02, ""Remote Consultation"": 0.02, ""Respect, Dignity, Privacy and Inclusion"": 0.07, ""Staff Kindness and Empathy"": 0.81, ""Staff Professionalism and Knowledge"": 0.43, ""Telephone Access"": 0.23, ""Tests, Investigations and Results"": 0.02, ""Treatment Effectiveness and Safety"": 0.03, ""Vaccinations and Immunisations"": 0.01, ""Waiting Time at the Surgery"": 0.09, ""Website and Practice Information"": 0.02}",2.24,0.79,0.0,1.0,0.0,1.0
1/6/24 9:20,Very good,It would be useful to have guidance on whether staff would prefer people to wear masks,Scarsdale-Medical-Centre,Brompton-Health-PCN,Neutral or Mixed,0.95,Patient Information and Education,0.6,,"{""Appointment Availability and Lead Times"": 0.02, ""Clinical Assessment and Diagnosis"": 0.02, ""Consultation Communication and Listening"": 0.23, ""Digital Booking and Online Systems"": 0.02, ""Facilities, Cleanliness and Environment"": 0.24, ""Feedback and Complaints Handling"": 0.03, ""Follow-up and Continuity of Care"": 0.02, ""Mental Health Support"": 0.02, ""Overall Service and Practice"": 0.2, ""Patient Information and Education"": 0.34, ""Physical Accessibility"": 0.04, ""Prescriptions and Medication Management"": 0.01, ""Reception Service"": 0.03, ""Referral, Specialist and Hospital Coordination"": 0.02, ""Remote Consultation"": 0.02, ""Respect, Dignity, Privacy and Inclusion"": 0.06, ""Staff Kindness and Empathy"": 0.06, ""Staff Professionalism and Knowledge"": 0.08, ""Telephone Access"": 0.02, ""Tests, Investigations and Results"": 0.02, ""Treatment Effectiveness and Safety"": 0.05, ""Vaccinations and Immunisations"": 0.02, ""Waiting Time at the Surgery"": 0.02, ""Website and Practice Information"": 0.14}",0.35,0.7,2.42,0.42,1.11,0.39
3/24/25 17:42,Very good,PERSON on reception is always efficient helpful and pleasant,Emperors-Gate-Health-Centre,Brompton-Health-PCN,Positive,1.0,Reception Service,1.0,,"{""Appointment Availability and Lead Times"": 0.02, ""Clinical Assessment and Diagnosis"": 0.02, ""Consultation Communication and Listening"": 0.06, ""Digital Booking and Online Systems"": 0.02, ""Facilities, Cleanliness and Environment"": 0.03, ""Feedback and Complaints Handling"": 0.03, ""Follow-up and Continuity of Care"": 0.02, ""Mental Health Support"": 0.02, ""Overall Service and Practice"": 0.17, ""Patient Information and Education"": 0.03, ""Physical Accessibility"": 0.02, ""Prescriptions and Medication Management"": 0.02, ""Reception Service"": 0.89, ""Referral, Specialist and Hospital Coordination"": 0.02, ""Remote Consultation"": 0.02, ""Respect, Dignity, Privacy and Inclusion"": 0.04, ""Staff Kindness and Empathy"": 0.52, ""Staff Professionalism and Knowledge"": 0.54, ""Telephone Access"": 0.03, ""Tests, Investigations and Results"": 0.02, ""Treatment Effectiveness and Safety"": 0.02, ""Vaccinations and Immunisations"": 0.02, ""Waiting Time at the Surgery"": 0.02, ""Website and Practice Information"": 0.02}",2.51,0.58,0.0,1.0,0.01,0.99
7/26/24 2:24,Very good,I have no problem with the care I get,Scarsdale-Medical-Centre,Brompton-Health-PCN,Positive,0.72,Overall Service and Practice,0.83,,"{""Appointment Availability and Lead Times"": 0.02, ""Clinical Assessment and Diagnosis"": 0.03, ""Consultation Communication and Listening"": 0.05, ""Digital Booking and Online Systems"": 0.02, ""Facilities, Cleanliness and Environment"": 0.02, ""Feedback and Complaints Handling"": 0.03, ""Follow-up and Continuity of Care"": 0.03, ""Mental Health Support"": 0.03, ""Overall Service and Practice"": 0.36, ""Patient Information and Education"": 0.04, ""Physical Accessibility"": 0.02, ""Prescriptions and Medication Management"": 0.03, ""Reception Service"": 0.03, ""Referral, Specialist and Hospital Coordination"": 0.02, ""Remote Consultation"": 0.02, ""Respect, Dignity, Privacy and Inclusion"": 0.04, ""Staff Kindness and Empathy"": 0.1, ""Staff Professionalism and Knowledge"": 0.08, ""Telephone Access"": 0.02, ""Tests, Investigations and Results"": 0.02, ""Treatment Effectiveness and Safety"": 0.09, ""Vaccinations and Immunisations"": 0.02, ""Waiting Time at the Surgery"": 0.02, ""Website and Practice Information"": 0.02}",1.09,0.67,0.0,1.0,0.02,0.98
3/15/25 19:15,Very good,Wonderful very helpful understanding Doctor 100,Health-Partners-at-Violet-Melchett,Brompton-Health-PCN,Positive,1.0,Consultation Communication and Listening,0.85,,"{""Appointment Availability and Lead Times"": 0.02, ""Clinical Assessment and Diagnosis"": 0.05, ""Consultation Communication and Listening"": 0.45, ""Digital Booking and Online Systems"": 0.02, ""Facilities, Cleanliness and Environment"": 0.02, ""Feedback and Complaints Handling"": 0.02, ""Follow-up and Continuity of Care"": 0.03, ""Mental Health Support"": 0.04, ""Overall Service and Practice"": 0.14, ""Patient Information and Education"": 0.32, ""Physical Accessibility"": 0.02, ""Prescriptions and Medication Management"": 0.02, ""Reception Service"": 0.02, ""Referral, Specialist and Hospital Coordination"": 0.02, ""Remote Consultation"": 0.02, ""Respect, Dignity, Privacy and Inclusion"": 0.03, ""Staff Kindness and Empathy"": 0.39, ""Staff Professionalism and Knowledge"": 0.52, ""Telephone Access"": 0.02, ""Tests, Investigations and Results"": 0.02, ""Treatment Effectiveness and Safety"": 0.05, ""Vaccinations and Immunisations"": 0.01, ""Waiting Time at the Surgery"": 0.02, ""Website and Practice Information"": 0.02}",3.49,0.59,0.0,1.0,0.02,0.98
2/4/25 9:20,Very good,Appointment on time Polite and courteous staff Dr listened to patient,The-Chelsea-Practice,Brompton-Health-PCN,Positive,0.99,Consultation Communication and Listening,0.56,Staff Kindness and Empathy,"{""Appointment Availability and Lead Times"": 0.14, ""Clinical Assessment and Diagnosis"": 0.1, ""Consultation Communication and Listening"": 0.87, ""Digital Booking and Online Systems"": 0.02, ""Facilities, Cleanliness and Environment"": 0.03, ""Feedback and Complaints Handling"": 0.03, ""Follow-up and Continuity of Care"": 0.03, ""Mental Health Support"": 0.02, ""Overall Service and Practice"": 0.22, ""Patient Information and Education"": 0.09, ""Physical Accessibility"": 0.02, ""Prescriptions and Medication Management"": 0.02, ""Reception Service"": 0.23, ""Referral, Specialist and Hospital Coordination"": 0.02, ""Remote Consultation"": 0.02, ""Respect, Dignity, Privacy and Inclusion"": 0.21, ""Staff Kindness and Empathy"": 0.69, ""Staff Professionalism and Knowledge"": 0.54, ""Telephone Access"": 0.02, ""Tests, Investigations and Results"": 0.02, ""Treatment Effectiveness and Safety"": 0.03, ""Vaccinations and Immunisations"": 0.02, ""Waiting Time at the Surgery"": 0.46, ""Website and Practice Information"": 0.02}",1.94,0.89,0.0,1.0,0.0,1.0
11/27/24 23:18,Very good,The Surgery is clean and I like the fact there s a lot of female doctors being female myself,Stanhope-Mews-Surgery,Brompton-Health-PCN,Positive,1.0,"Respect, Dignity, Privacy and Inclusion",0.47,"Facilities, Cleanliness and Environment","{""Appointment Availability and Lead Times"": 0.02, ""Clinical Assessment and Diagnosis"": 0.03, ""Consultation Communication and Listening"": 0.03, ""Digital Booking and Online Systems"": 0.02, ""Facilities, Cleanliness and Environment"": 0.8, ""Feedback and Complaints Handling"": 0.02, ""Follow-up and Continuity of Care"": 0.02, ""Mental Health Support"": 0.01, ""Overall Service and Practice"": 0.28, ""Patient Information and Education"": 0.03, ""Physical Accessibility"": 0.03, ""Prescriptions and Medication Management"": 0.02, ""Reception Service"": 0.03, ""Referral, Specialist and Hospital Coordination"": 0.02, ""Remote Consultation"": 0.02, ""Respect, Dignity, Privacy and Inclusion"": 0.25, ""Staff Kindness and Empathy"": 0.06, ""Staff Professionalism and Knowledge"": 0.09, ""Telephone Access"": 0.02, ""Tests, Investigations and Results"": 0.02, ""Treatment Effectiveness and Safety"": 0.13, ""Vaccinations and Immunisations"": 0.01, ""Waiting Time at the Surgery"": 0.02, ""Website and Practice Information"": 0.08}",1.94,0.9,0.11,0.89,0.15,0.85
9/7/25 22:44,Very good,I m Abingdon surgery practice patient for almost 15 year Happy with all services they offering From reception to see a Dr or nurse Girls in the phone so polite and professional in their job Dr PERSON is my Dr for years He s so nice caring knowledgeable patient and a good listener He try his best to pay attention on patient s problem and try to do his best to help to get the problem sorted He delivers a first class service in a very professional manner PERSON is a brilliant nurse She is polite nice with a smiley face welcoming a patient The way she treats me makes me at ease to talk and trust her A five star ⭐️ feed back and special thanks to Abingdon Centre team ⭐️,The-Abingdon-Medical-Practice,Brompton-Health-PCN,Positive,1.0,Staff Professionalism and Knowledge,0.51,Reception Service | Consultation Communication and Listening | Staff Kindness and Empathy | Overall Service and Practice,"{""Appointment Availability and Lead Times"": 0.02, ""Clinical Assessment and Diagnosis"": 0.12, ""Consultation Communication and Listening"": 0.82, ""Digital Booking and Online Systems"": 0.02, ""Facilities, Cleanliness and Environment"": 0.03, ""Feedback and Complaints Handling"": 0.07, ""Follow-up and Continuity of Care"": 0.2, ""Mental Health Support"": 0.02, ""Overall Service and Practice"": 0.74, ""Patient Information and Education"": 0.09, ""Physical Accessibility"": 0.02, ""Prescriptions and Medication Management"": 0.02, ""Reception Service"": 0.68, ""Referral, Specialist and Hospital Coordination"": 0.02, ""Remote Consultation"": 0.02, ""Respect, Dignity, Privacy and Inclusion"": 0.1, ""Staff Kindness and Empathy"": 0.85, ""Staff Professionalism and Knowledge"": 0.89, ""Telephone Access"": 0.54, ""Tests, Investigations and Results"": 0.02, ""Treatment Effectiveness and Safety"": 0.09, ""Vaccinations and Immunisations"": 0.01, ""Waiting Time at the Surgery"": 0.02, ""Website and Practice Information"": 0.02}",3.49,0.59,0.0,1.0,0.03,0.97
5/14/25 9:37,Very good,Having waited 2 years for this appointment it all went very smoothly,Health-Partners-at-Violet-Melchett,Brompton-Health-PCN,Positive,0.59,Appointment Availability and Lead Times,0.98,Waiting Time at the Surgery,"{""Appointment Availability and Lead Times"": 0.68, ""Clinical Assessment and Diagnosis"": 0.03, ""Consultation Communication and Listening"": 0.06, ""Digital Booking and Online Systems"": 0.03, ""Facilities, Cleanliness and Environment"": 0.03, ""Feedback and Complaints Handling"": 0.03, ""Follow-up and Continuity of Care"": 0.05, ""Mental Health Support"": 0.04, ""Overall Service and Practice"": 0.48, ""Patient Information and Education"": 0.03, ""Physical Accessibility"": 0.02, ""Prescriptions and Medication Management"": 0.02, ""Reception Service"": 0.08, ""Referral, Specialist and Hospital Coordination"": 0.05, ""Remote Consultation"": 0.02, ""Respect, Dignity, Privacy and Inclusion"": 0.02, ""Staff Kindness and Empathy"": 0.04, ""Staff Professionalism and Knowledge"": 0.08, ""Telephone Access"": 0.02, ""Tests, Investigations and Results"": 0.02, ""Treatment Effectiveness and Safety"": 0.03, ""Vaccinations and Immunisations"": 0.03, ""Waiting Time at the Surgery"": 0.71, ""Website and Practice Information"": 0.03}",1.94,0.76,1.21,0.0,0.17,0.83
2/29/24 9:53,Very poor,I have had huge difficulties getting through to the surgery always,Health-Partners-at-Violet-Melchett,Brompton-Health-PCN,Negative,1.0,Telephone Access,1.0,,"{""Appointment Availability and Lead Times"": 0.41, ""Clinical Assessment and Diagnosis"": 0.03, ""Consultation Communication and Listening"": 0.33, ""Digital Booking and Online Systems"": 0.03, ""Facilities, Cleanliness and Environment"": 0.02, ""Feedback and Complaints Handling"": 0.09, ""Follow-up and Continuity of Care"": 0.28, ""Mental Health Support"": 0.02, ""Overall Service and Practice"": 0.36, ""Patient Information and Education"": 0.05, ""Physical Accessibility"": 0.06, ""Prescriptions and Medication Management"": 0.02, ""Reception Service"": 0.33, ""Referral, Specialist and Hospital Coordination"": 0.09, ""Remote Consultation"": 0.03, ""Respect, Dignity, Privacy and Inclusion"": 0.02, ""Staff Kindness and Empathy"": 0.03, ""Staff Professionalism and Knowledge"": 0.05, ""Telephone Access"": 0.79, ""Tests, Investigations and Results"": 0.02, ""Treatment Effectiveness and Safety"": 0.02, ""Vaccinations and Immunisations"": 0.02, ""Waiting Time at the Surgery"": 0.25, ""Website and Practice Information"": 0.04}",2.69,0.67,2.43,0.43,1.79,0.66
3/2/26 11:48,Good,I had a scan at C W on 4 December and you have not got a report,The-Abingdon-Medical-Practice,Brompton-Health-PCN,Negative,0.96,"Tests, Investigations and Results",1.0,Follow-up and Continuity of Care,"{""Appointment Availability and Lead Times"": 0.11, ""Clinical Assessment and Diagnosis"": 0.15, ""Consultation Communication and Listening"": 0.25, ""Digital Booking and Online Systems"": 0.02, ""Facilities, Cleanliness and Environment"": 0.02, ""Feedback and Complaints Handling"": 0.12, ""Follow-up and Continuity of Care"": 0.67, ""Mental Health Support"": 0.01, ""Overall Service and Practice"": 0.22, ""Patient Information and Education"": 0.36, ""Physical Accessibility"": 0.02, ""Prescriptions and Medication Management"": 0.02, ""Reception Service"": 0.04, ""Referral, Specialist and Hospital Coordination"": 0.11, ""Remote Consultation"": 0.02, ""Respect, Dignity, Privacy and Inclusion"": 0.02, ""Staff Kindness and Empathy"": 0.02, ""Staff Professionalism and Knowledge"": 0.06, ""Telephone Access"": 0.03, ""Tests, Investigations and Results"": 0.86, ""Treatment Effectiveness and Safety"": 0.02, ""Vaccinations and Immunisations"": 0.01, ""Waiting Time at the Surgery"": 0.28, ""Website and Practice Information"": 0.03}",1.53,0.58,2.98,0.98,2.37,0.59
1/12/25 13:27,Poor,I was expecting a phone call instead I got email I was not told before hand I do prefer to talk to to my GP I requested a colonoscopy the respond was no He did not give me a concrete reason,Health-Partners-at-Violet-Melchett,Brompton-Health-PCN,Negative,1.0,Consultation Communication and Listening,0.61,"Telephone Access | Tests, Investigations and Results | Follow-up and Continuity of Care | Patient Information and Education","{""Appointment Availability and Lead Times"": 0.03, ""Clinical Assessment and Diagnosis"": 0.44, ""Consultation Communication and Listening"": 0.82, ""Digital Booking and Online Systems"": 0.08, ""Facilities, Cleanliness and Environment"": 0.02, ""Feedback and Complaints Handling"": 0.18, ""Follow-up and Continuity of Care"": 0.62, ""Mental Health Support"": 0.02, ""Overall Service and Practice"": 0.32, ""Patient Information and Education"": 0.77, ""Physical Accessibility"": 0.03, ""Prescriptions and Medication Management"": 0.02, ""Reception Service"": 0.14, ""Referral, Specialist and Hospital Coordination"": 0.17, ""Remote Consultation"": 0.46, ""Respect, Dignity, Privacy and Inclusion"": 0.27, ""Staff Kindness and Empathy"": 0.11, ""Staff Professionalism and Knowledge"": 0.54, ""Telephone Access"": 0.78, ""Tests, Investigations and Results"": 0.8, ""Treatment Effectiveness and Safety"": 0.04, ""Vaccinations and Immunisations"": 0.01, ""Waiting Time at the Surgery"": 0.02, ""Website and Practice Information"": 0.03}",2.22,0.8,2.95,0.95,1.88,0.72
1/8/26 10:12,Very good,The drs are really attentive and helpful and responsive,Earls-Court-Medical-Centre,Brompton-Health-PCN,Positive,1.0,Staff Professionalism and Knowledge,0.55,,"{""Appointment Availability and Lead Times"": 0.03, ""Clinical Assessment and Diagnosis"": 0.04, ""Consultation Communication and Listening"": 0.57, ""Digital Booking and Online Systems"": 0.02, ""Facilities, Cleanliness and Environment"": 0.02, ""Feedback and Complaints Handling"": 0.1, ""Follow-up and Continuity of Care"": 0.19, ""Mental Health Support"": 0.03, ""Overall Service and Practice"": 0.36, ""Patient Information and Education"": 0.1, ""Physical Accessibility"": 0.02, ""Prescriptions and Medication Management"": 0.03, ""Reception Service"": 0.03, ""Referral, Specialist and Hospital Coordination"": 0.02, ""Remote Consultation"": 0.02, ""Respect, Dignity, Privacy and Inclusion"": 0.04, ""Staff Kindness and Empathy"": 0.56, ""Staff Professionalism and Knowledge"": 0.37, ""Telephone Access"": 0.07, ""Tests, Investigations and Results"": 0.02, ""Treatment Effectiveness and Safety"": 0.03, ""Vaccinations and Immunisations"": 0.02, ""Waiting Time at the Surgery"": 0.03, ""Website and Practice Information"": 0.02}",2.56,0.63,0.0,1.0,0.0,1.0
1/31/25 12:03,Very good,I can always see or speak to a doctor,Earls-Court-Surgery,Brompton-Health-PCN,Neutral or Mixed,0.26,Appointment Availability and Lead Times,0.57,,"{""Appointment Availability and Lead Times"": 0.52, ""Clinical Assessment and Diagnosis"": 0.12, ""Consultation Communication and Listening"": 0.21, ""Digital Booking and Online Systems"": 0.02, ""Facilities, Cleanliness and Environment"": 0.03, ""Feedback and Complaints Handling"": 0.04, ""Follow-up and Continuity of Care"": 0.45, ""Mental Health Support"": 0.11, ""Overall Service and Practice"": 0.32, ""Patient Information and Education"": 0.11, ""Physical Accessibility"": 0.22, ""Prescriptions and Medication Management"": 0.03, ""Reception Service"": 0.03, ""Referral, Specialist and Hospital Coordination"": 0.04, ""Remote Consultation"": 0.09, ""Respect, Dignity, Privacy and Inclusion"": 0.02, ""Staff Kindness and Empathy"": 0.03, ""Staff Professionalism and Knowledge"": 0.05, ""Telephone Access"": 0.34, ""Tests, Investigations and Results"": 0.02, ""Treatment Effectiveness and Safety"": 0.06, ""Vaccinations and Immunisations"": 0.02, ""Waiting Time at the Surgery"": 0.04, ""Website and Practice Information"": 0.03}",0.98,0.18,0.1,0.9,0.47,0.53
4/23/26 12:22,Very good,The service at Stanhope Mews is always first class,Stanhope-Mews-Surgery,Brompton-Health-PCN,Positive,1.0,Overall Service and Practice,0.99,,"{""Appointment Availability and Lead Times"": 0.02, ""Clinical Assessment and Diagnosis"": 0.01, ""Consultation Communication and Listening"": 0.03, ""Digital Booking and Online Systems"": 0.02, ""Facilities, Cleanliness and Environment"": 0.03, ""Feedback and Complaints Handling"": 0.02, ""Follow-up and Continuity of Care"": 0.02, ""Mental Health Support"": 0.01, ""Overall Service and Practice"": 0.71, ""Patient Information and Education"": 0.02, ""Physical Accessibility"": 0.02, ""Prescriptions and Medication Management"": 0.02, ""Reception Service"": 0.06, ""Referral, Specialist and Hospital Coordination"": 0.02, ""Remote Consultation"": 0.02, ""Respect, Dignity, Privacy and Inclusion"": 0.02, ""Staff Kindness and Empathy"": 0.05, ""Staff Professionalism and Knowledge"": 0.13, ""Telephone Access"": 0.02, ""Tests, Investigations and Results"": 0.01, ""Treatment Effectiveness and Safety"": 0.02, ""Vaccinations and Immunisations"": 0.01, ""Waiting Time at the Surgery"": 0.02, ""Website and Practice Information"": 0.02}",3.06,0.9,0.0,1.0,0.01,0.99
3/30/26 12:08,Very good,I am very happy with the service the professionalism of all staff and the care,Stanhope-Mews-Surgery,Brompton-Health-PCN,Positive,1.0,Staff Professionalism and Knowledge,0.67,,"{""Appointment Availability and Lead Times"": 0.02, ""Clinical Assessment and Diagnosis"": 0.02, ""Consultation Communication and Listening"": 0.08, ""Digital Booking and Online Systems"": 0.02, ""Facilities, Cleanliness and Environment"": 0.03, ""Feedback and Complaints Handling"": 0.03, ""Follow-up and Continuity of Care"": 0.03, ""Mental Health Support"": 0.02, ""Overall Service and Practice"": 0.59, ""Patient Information and Education"": 0.03, ""Physical Accessibility"": 0.02, ""Prescriptions and Medication Management"": 0.02, ""Reception Service"": 0.07, ""Referral, Specialist and Hospital Coordination"": 0.02, ""Remote Consultation"": 0.02, ""Respect, Dignity, Privacy and Inclusion"": 0.04, ""Staff Kindness and Empathy"": 0.38, ""Staff Professionalism and Knowledge"": 0.69, ""Telephone Access"": 0.02, ""Tests, Investigations and Results"": 0.02, ""Treatment Effectiveness and Safety"": 0.04, ""Vaccinations and Immunisations"": 0.02, ""Waiting Time at the Surgery"": 0.02, ""Website and Practice Information"": 0.02}",2.91,0.91,0.0,1.0,0.01,0.99
5/31/24 8:12,Very good,The receptionist were very attentive and helpful I was seen by my GP appropriately Thank you for your service,The-Chelsea-Practice,Brompton-Health-PCN,Positive,1.0,Reception Service,0.99,Staff Kindness and Empathy | Staff Professionalism and Knowledge,"{""Appointment Availability and Lead Times"": 0.05, ""Clinical Assessment and Diagnosis"": 0.14, ""Consultation Communication and Listening"": 0.09, ""Digital Booking and Online Systems"": 0.02, ""Facilities, Cleanliness and Environment"": 0.03, ""Feedback and Complaints Handling"": 0.03, ""Follow-up and Continuity of Care"": 0.06, ""Mental Health Support"": 0.02, ""Overall Service and Practice"": 0.4, ""Patient Information and Education"": 0.04, ""Physical Accessibility"": 0.02, ""Prescriptions and Medication Management"": 0.02, ""Reception Service"": 0.89, ""Referral, Specialist and Hospital Coordination"": 0.02, ""Remote Consultation"": 0.02, ""Respect, Dignity, Privacy and Inclusion"": 0.04, ""Staff Kindness and Empathy"": 0.65, ""Staff Professionalism and Knowledge"": 0.64, ""Telephone Access"": 0.02, ""Tests, Investigations and Results"": 0.02, ""Treatment Effectiveness and Safety"": 0.07, ""Vaccinations and Immunisations"": 0.02, ""Waiting Time at the Surgery"": 0.06, ""Website and Practice Information"": 0.02}",2.12,0.88,0.0,1.0,0.0,1.0
6/20/24 13:10,Very good,Consistently high level of care and service at this surgery,Stanhope-Mews-Surgery,Brompton-Health-PCN,Positive,1.0,Overall Service and Practice,0.96,,"{""Appointment Availability and Lead Times"": 0.02, ""Clinical Assessment and Diagnosis"": 0.04, ""Consultation Communication and Listening"": 0.04, ""Digital Booking and Online Systems"": 0.02, ""Facilities, Cleanliness and Environment"": 0.03, ""Feedback and Complaints Handling"": 0.02, ""Follow-up and Continuity of Care"": 0.07, ""Mental Health Support"": 0.02, ""Overall Service and Practice"": 0.74, ""Patient Information and Education"": 0.03, ""Physical Accessibility"": 0.02, ""Prescriptions and Medication Management"": 0.02, ""Reception Service"": 0.03, ""Referral, Specialist and Hospital Coordination"": 0.03, ""Remote Consultation"": 0.02, ""Respect, Dignity, Privacy and Inclusion"": 0.03, ""Staff Kindness and Empathy"": 0.1, ""Staff Professionalism and Knowledge"": 0.16, ""Telephone Access"": 0.02, ""Tests, Investigations and Results"": 0.02, ""Treatment Effectiveness and Safety"": 0.08, ""Vaccinations and Immunisations"": 0.01, ""Waiting Time at the Surgery"": 0.02, ""Website and Practice Information"": 0.02}",2.85,0.87,0.0,1.0,0.01,0.99
6/3/24 13:40,Good,Online appointment booking is great however sometimes struggle to get through to the office And previously despite having said it was a face to face the wrong time was booked However the team is generally lovely,The-Abingdon-Medical-Practice,Brompton-Health-PCN,Neutral or Mixed,0.99,Digital Booking and Online Systems,0.67,Telephone Access | Staff Kindness and Empathy,"{""Appointment Availability and Lead Times"": 0.22, ""Clinical Assessment and Diagnosis"": 0.02, ""Consultation Communication and Listening"": 0.26, ""Digital Booking and Online Systems"": 0.84, ""Facilities, Cleanliness and Environment"": 0.03, ""Feedback and Complaints Handling"": 0.06, ""Follow-up and Continuity of Care"": 0.07, ""Mental Health Support"": 0.02, ""Overall Service and Practice"": 0.4, ""Patient Information and Education"": 0.05, ""Physical Accessibility"": 0.03, ""Prescriptions and Medication Management"": 0.02, ""Reception Service"": 0.52, ""Referral, Specialist and Hospital Coordination"": 0.02, ""Remote Consultation"": 0.06, ""Respect, Dignity, Privacy and Inclusion"": 0.03, ""Staff Kindness and Empathy"": 0.72, ""Staff Professionalism and Knowledge"": 0.22, ""Telephone Access"": 0.86, ""Tests, Investigations and Results"": 0.02, ""Treatment Effectiveness and Safety"": 0.02, ""Vaccinations and Immunisations"": 0.02, ""Waiting Time at the Surgery"": 0.07, ""Website and Practice Information"": 0.29}",1.06,0.95,2.84,0.84,1.04,0.69
7/31/24 5:43,Very good,Notification when the doctor is running late,Scarsdale-Medical-Centre,Brompton-Health-PCN,Neutral or Mixed,0.76,Waiting Time at the Surgery,0.98,,"{""Appointment Availability and Lead Times"": 0.05, ""Clinical Assessment and Diagnosis"": 0.02, ""Consultation Communication and Listening"": 0.1, ""Digital Booking and Online Systems"": 0.08, ""Facilities, Cleanliness and Environment"": 0.02, ""Feedback and Complaints Handling"": 0.03, ""Follow-up and Continuity of Care"": 0.04, ""Mental Health Support"": 0.02, ""Overall Service and Practice"": 0.08, ""Patient Information and Education"": 0.24, ""Physical Accessibility"": 0.02, ""Prescriptions and Medication Management"": 0.02, ""Reception Service"": 0.08, ""Referral, Specialist and Hospital Coordination"": 0.02, ""Remote Consultation"": 0.02, ""Respect, Dignity, Privacy and Inclusion"": 0.04, ""Staff Kindness and Empathy"": 0.04, ""Staff Professionalism and Knowledge"": 0.06, ""Telephone Access"": 0.03, ""Tests, Investigations and Results"": 0.02, ""Treatment Effectiveness and Safety"": 0.02, ""Vaccinations and Immunisations"": 0.02, ""Waiting Time at the Surgery"": 0.33, ""Website and Practice Information"": 0.03}",0.11,0.91,2.48,0.48,0.31,0.69
4/15/26 12:57,Very good,The receptionist knew my concerns communicated with the Dr so I received an appointment,The-Abingdon-Medical-Practice,Brompton-Health-PCN,Positive,0.74,Reception Service,0.89,,"{""Appointment Availability and Lead Times"": 0.22, ""Clinical Assessment and Diagnosis"": 0.06, ""Consultation Communication and Listening"": 0.43, ""Digital Booking and Online Systems"": 0.02, ""Facilities, Cleanliness and Environment"": 0.02, ""Feedback and Complaints Handling"": 0.34, ""Follow-up and Continuity of Care"": 0.21, ""Mental Health Support"": 0.07, ""Overall Service and Practice"": 0.22, ""Patient Information and Education"": 0.09, ""Physical Accessibility"": 0.02, ""Prescriptions and Medication Management"": 0.02, ""Reception Service"": 0.67, ""Referral, Specialist and Hospital Coordination"": 0.11, ""Remote Consultation"": 0.02, ""Respect, Dignity, Privacy and Inclusion"": 0.07, ""Staff Kindness and Empathy"": 0.2, ""Staff Professionalism and Knowledge"": 0.41, ""Telephone Access"": 0.08, ""Tests, Investigations and Results"": 0.02, ""Treatment Effectiveness and Safety"": 0.02, ""Vaccinations and Immunisations"": 0.02, ""Waiting Time at the Surgery"": 0.03, ""Website and Practice Information"": 0.03}",1.29,0.65,0.1,0.9,0.09,0.91
4/1/24 14:00,Very good,Gp is understanding and compassionate The reception staff are courteous And friendly and always try to help you every way they can,Earls-Court-Surgery,Brompton-Health-PCN,Positive,1.0,Staff Kindness and Empathy,0.7,Reception Service,"{""Appointment Availability and Lead Times"": 0.02, ""Clinical Assessment and Diagnosis"": 0.05, ""Consultation Communication and Listening"": 0.46, ""Digital Booking and Online Systems"": 0.02, ""Facilities, Cleanliness and Environment"": 0.03, ""Feedback and Complaints Handling"": 0.03, ""Follow-up and Continuity of Care"": 0.03, ""Mental Health Support"": 0.03, ""Overall Service and Practice"": 0.3, ""Patient Information and Education"": 0.03, ""Physical Accessibility"": 0.02, ""Prescriptions and Medication Management"": 0.02, ""Reception Service"": 0.91, ""Referral, Specialist and Hospital Coordination"": 0.02, ""Remote Consultation"": 0.02, ""Respect, Dignity, Privacy and Inclusion"": 0.08, ""Staff Kindness and Empathy"": 0.87, ""Staff Professionalism and Knowledge"": 0.39, ""Telephone Access"": 0.02, ""Tests, Investigations and Results"": 0.02, ""Treatment Effectiveness and Safety"": 0.03, ""Vaccinations and Immunisations"": 0.02, ""Waiting Time at the Surgery"": 0.02, ""Website and Practice Information"": 0.02}",2.63,0.69,0.0,1.0,0.0,1.0
8/29/24 9:43,Very poor,doctor raj showed no interest was unfriendly and even9incorrectkly suggested i was registered at another surgery i needed a fitnote and she made me feel like a scrounger i have no wish to see this doctor again,Earls-Court-Medical-Centre,Brompton-Health-PCN,Negative,1.0,Staff Kindness and Empathy,0.46,"Consultation Communication and Listening | Staff Professionalism and Knowledge | Respect, Dignity, Privacy and Inclusion","{""Appointment Availability and Lead Times"": 0.02, ""Clinical Assessment and Diagnosis"": 0.15, ""Consultation Communication and Listening"": 0.75, ""Digital Booking and Online Systems"": 0.02, ""Facilities, Cleanliness and Environment"": 0.02, ""Feedback and Complaints Handling"": 0.05, ""Follow-up and Continuity of Care"": 0.2, ""Mental Health Support"": 0.03, ""Overall Service and Practice"": 0.26, ""Patient Information and Education"": 0.19, ""Physical Accessibility"": 0.02, ""Prescriptions and Medication Management"": 0.04, ""Reception Service"": 0.03, ""Referral, Specialist and Hospital Coordination"": 0.02, ""Remote Consultation"": 0.02, ""Respect, Dignity, Privacy and Inclusion"": 0.62, ""Staff Kindness and Empathy"": 0.86, ""Staff Professionalism and Knowledge"": 0.83, ""Telephone Access"": 0.02, ""Tests, Investigations and Results"": 0.02, ""Treatment Effectiveness and Safety"": 0.03, ""Vaccinations and Immunisations"": 0.01, ""Waiting Time at the Surgery"": 0.02, ""Website and Practice Information"": 0.02}",3.47,0.6,2.98,0.98,1.93,0.78
2/29/24 12:31,Neither good nor poor,overall the service is Good moving the surgery has been challenging due to the time it takes to get there now used to be 10 mins its now 50 mins,Health-Partners-at-Violet-Melchett,Brompton-Health-PCN,Neutral or Mixed,0.88,Physical Accessibility,0.58,Overall Service and Practice,"{""Appointment Availability and Lead Times"": 0.1, ""Clinical Assessment and Diagnosis"": 0.02, ""Consultation Communication and Listening"": 0.02, ""Digital Booking and Online Systems"": 0.02, ""Facilities, Cleanliness and Environment"": 0.03, ""Feedback and Complaints Handling"": 0.03, ""Follow-up and Continuity of Care"": 0.05, ""Mental Health Support"": 0.02, ""Overall Service and Practice"": 0.77, ""Patient Information and Education"": 0.03, ""Physical Accessibility"": 0.58, ""Prescriptions and Medication Management"": 0.02, ""Reception Service"": 0.05, ""Referral, Specialist and Hospital Coordination"": 0.11, ""Remote Consultation"": 0.02, ""Respect, Dignity, Privacy and Inclusion"": 0.02, ""Staff Kindness and Empathy"": 0.03, ""Staff Professionalism and Knowledge"": 0.04, ""Telephone Access"": 0.02, ""Tests, Investigations and Results"": 0.02, ""Treatment Effectiveness and Safety"": 0.03, ""Vaccinations and Immunisations"": 0.01, ""Waiting Time at the Surgery"": 0.48, ""Website and Practice Information"": 0.03}",1.44,0.63,2.03,0.03,1.39,0.41
8/23/24 6:58,Very good,It was very fast and very responsive,Emperors-Gate-Health-Centre,Brompton-Health-PCN,Positive,0.99,Overall Service and Practice,0.6,,"{""Appointment Availability and Lead Times"": 0.18, ""Clinical Assessment and Diagnosis"": 0.02, ""Consultation Communication and Listening"": 0.13, ""Digital Booking and Online Systems"": 0.05, ""Facilities, Cleanliness and Environment"": 0.02, ""Feedback and Complaints Handling"": 0.06, ""Follow-up and Continuity of Care"": 0.03, ""Mental Health Support"": 0.02, ""Overall Service and Practice"": 0.29, ""Patient Information and Education"": 0.02, ""Physical Accessibility"": 0.02, ""Prescriptions and Medication Management"": 0.02, ""Reception Service"": 0.05, ""Referral, Specialist and Hospital Coordination"": 0.02, ""Remote Consultation"": 0.02, ""Respect, Dignity, Privacy and Inclusion"": 0.01, ""Staff Kindness and Empathy"": 0.02, ""Staff Professionalism and Knowledge"": 0.04, ""Telephone Access"": 0.03, ""Tests, Investigations and Results"": 0.02, ""Treatment Effectiveness and Safety"": 0.05, ""Vaccinations and Immunisations"": 0.01, ""Waiting Time at the Surgery"": 0.31, ""Website and Practice Information"": 0.07}",2.66,0.71,0.0,1.0,0.01,0.99
7/25/25 12:24,Very poor,I m a accessible person and was made to feel very tiny indeed when speaking to the person,Health-Partners-at-Violet-Melchett,Brompton-Health-PCN,Negative,0.95,"Respect, Dignity, Privacy and Inclusion",0.7,Staff Kindness and Empathy,"{""Appointment Availability and Lead Times"": 0.02, ""Clinical Assessment and Diagnosis"": 0.02, ""Consultation Communication and Listening"": 0.46, ""Digital Booking and Online Systems"": 0.02, ""Facilities, Cleanliness and Environment"": 0.02, ""Feedback and Complaints Handling"": 0.04, ""Follow-up and Continuity of Care"": 0.02, ""Mental Health Support"": 0.03, ""Overall Service and Practice"": 0.23, ""Patient Information and Education"": 0.05, ""Physical Accessibility"": 0.09, ""Prescriptions and Medication Management"": 0.02, ""Reception Service"": 0.09, ""Referral, Specialist and Hospital Coordination"": 0.02, ""Remote Consultation"": 0.02, ""Respect, Dignity, Privacy and Inclusion"": 0.51, ""Staff Kindness and Empathy"": 0.6, ""Staff Professionalism and Knowledge"": 0.25, ""Telephone Access"": 0.04, ""Tests, Investigations and Results"": 0.02, ""Treatment Effectiveness and Safety"": 0.02, ""Vaccinations and Immunisations"": 0.01, ""Waiting Time at the Surgery"": 0.02, ""Website and Practice Information"": 0.02}",2.25,0.7,1.74,0.41,2.06,0.42
11/26/25 17:05,Very good,People are so friendly even when they are busy,The-Abingdon-Medical-Practice,Brompton-Health-PCN,Positive,1.0,Staff Kindness and Empathy,0.99,,"{""Appointment Availability and Lead Times"": 0.03, ""Clinical Assessment and Diagnosis"": 0.01, ""Consultation Communication and Listening"": 0.14, ""Digital Booking and Online Systems"": 0.02, ""Facilities, Cleanliness and Environment"": 0.02, ""Feedback and Complaints Handling"": 0.02, ""Follow-up and Continuity of Care"": 0.03, ""Mental Health Support"": 0.01, ""Overall Service and Practice"": 0.33, ""Patient Information and Education"": 0.02, ""Physical Accessibility"": 0.02, ""Prescriptions and Medication Management"": 0.01, ""Reception Service"": 0.08, ""Referral, Specialist and Hospital Coordination"": 0.01, ""Remote Consultation"": 0.02, ""Respect, Dignity, Privacy and Inclusion"": 0.09, ""Staff Kindness and Empathy"": 0.74, ""Staff Professionalism and Knowledge"": 0.09, ""Telephone Access"": 0.02, ""Tests, Investigations and Results"": 0.01, ""Treatment Effectiveness and Safety"": 0.02, ""Vaccinations and Immunisations"": 0.01, ""Waiting Time at the Surgery"": 0.02, ""Website and Practice Information"": 0.02}",2.18,0.79,0.0,1.0,0.01,0.99
2/29/24 20:26,Very good,I am happy to say that all requests for appointments have always been accessible and prescriptions followed up without delay,Scarsdale-Medical-Centre,Brompton-Health-PCN,Positive,1.0,Appointment Availability and Lead Times,0.87,Prescriptions and Medication Management | Follow-up and Continuity of Care,"{""Appointment Availability and Lead Times"": 0.81, ""Clinical Assessment and Diagnosis"": 0.03, ""Consultation Communication and Listening"": 0.06, ""Digital Booking and Online Systems"": 0.1, ""Facilities, Cleanliness and Environment"": 0.02, ""Feedback and Complaints Handling"": 0.04, ""Follow-up and Continuity of Care"": 0.8, ""Mental Health Support"": 0.03, ""Overall Service and Practice"": 0.36, ""Patient Information and Education"": 0.04, ""Physical Accessibility"": 0.07, ""Prescriptions and Medication Management"": 0.84, ""Reception Service"": 0.27, ""Referral, Specialist and Hospital Coordination"": 0.03, ""Remote Consultation"": 0.02, ""Respect, Dignity, Privacy and Inclusion"": 0.03, ""Staff Kindness and Empathy"": 0.04, ""Staff Professionalism and Knowledge"": 0.11, ""Telephone Access"": 0.11, ""Tests, Investigations and Results"": 0.02, ""Treatment Effectiveness and Safety"": 0.04, ""Vaccinations and Immunisations"": 0.02, ""Waiting Time at the Surgery"": 0.22, ""Website and Practice Information"": 0.04}",2.58,0.65,0.0,1.0,0.01,0.99
2/15/25 9:55,Very good,It all went ahread on time znd I was completely satisfied with my experience,The-Chelsea-Practice,Brompton-Health-PCN,Positive,1.0,Waiting Time at the Surgery,0.71,,"{""Appointment Availability and Lead Times"": 0.33, ""Clinical Assessment and Diagnosis"": 0.02, ""Consultation Communication and Listening"": 0.03, ""Digital Booking and Online Systems"": 0.02, ""Facilities, Cleanliness and Environment"": 0.02, ""Feedback and Complaints Handling"": 0.02, ""Follow-up and Continuity of Care"": 0.02, ""Mental Health Support"": 0.02, ""Overall Service and Practice"": 0.31, ""Patient Information and Education"": 0.02, ""Physical Accessibility"": 0.02, ""Prescriptions and Medication Management"": 0.02, ""Reception Service"": 0.04, ""Referral, Specialist and Hospital Coordination"": 0.02, ""Remote Consultation"": 0.02, ""Respect, Dignity, Privacy and Inclusion"": 0.02, ""Staff Kindness and Empathy"": 0.02, ""Staff Professionalism and Knowledge"": 0.03, ""Telephone Access"": 0.02, ""Tests, Investigations and Results"": 0.02, ""Treatment Effectiveness and Safety"": 0.04, ""Vaccinations and Immunisations"": 0.02, ""Waiting Time at the Surgery"": 0.56, ""Website and Practice Information"": 0.03}",2.78,0.8,0.0,1.0,0.02,0.98
8/18/25 16:36,Good,The doctor was very kind to accept my request for a visit face to face on the same morning Instead I can t understand why receptionist at the phone trying to send the patient me to a different GP,Emperors-Gate-Health-Centre,Brompton-Health-PCN,Neutral or Mixed,0.63,Reception Service,0.78,Telephone Access | Follow-up and Continuity of Care | Staff Kindness and Empathy,"{""Appointment Availability and Lead Times"": 0.55, ""Clinical Assessment and Diagnosis"": 0.03, ""Consultation Communication and Listening"": 0.32, ""Digital Booking and Online Systems"": 0.03, ""Facilities, Cleanliness and Environment"": 0.02, ""Feedback and Complaints Handling"": 0.09, ""Follow-up and Continuity of Care"": 0.64, ""Mental Health Support"": 0.03, ""Overall Service and Practice"": 0.27, ""Patient Information and Education"": 0.04, ""Physical Accessibility"": 0.05, ""Prescriptions and Medication Management"": 0.02, ""Reception Service"": 0.87, ""Referral, Specialist and Hospital Coordination"": 0.05, ""Remote Consultation"": 0.11, ""Respect, Dignity, Privacy and Inclusion"": 0.14, ""Staff Kindness and Empathy"": 0.79, ""Staff Professionalism and Knowledge"": 0.54, ""Telephone Access"": 0.8, ""Tests, Investigations and Results"": 0.02, ""Treatment Effectiveness and Safety"": 0.02, ""Vaccinations and Immunisations"": 0.02, ""Waiting Time at the Surgery"": 0.06, ""Website and Practice Information"": 0.03}",1.83,0.73,2.91,0.91,1.45,0.43
2/4/26 14:06,Very good,Mr PERSON is very professional and always puts me at ease with his high level of competence,Health-Partners-at-Violet-Melchett,Brompton-Health-PCN,Positive,1.0,Staff Professionalism and Knowledge,1.0,,"{""Appointment Availability and Lead Times"": 0.02, ""Clinical Assessment and Diagnosis"": 0.02, ""Consultation Communication and Listening"": 0.14, ""Digital Booking and Online Systems"": 0.02, ""Facilities, Cleanliness and Environment"": 0.02, ""Feedback and Complaints Handling"": 0.02, ""Follow-up and Continuity of Care"": 0.03, ""Mental Health Support"": 0.04, ""Overall Service and Practice"": 0.37, ""Patient Information and Education"": 0.04, ""Physical Accessibility"": 0.02, ""Prescriptions and Medication Management"": 0.02, ""Reception Service"": 0.03, ""Referral, Specialist and Hospital Coordination"": 0.02, ""Remote Consultation"": 0.02, ""Respect, Dignity, Privacy and Inclusion"": 0.05, ""Staff Kindness and Empathy"": 0.22, ""Staff Professionalism and Knowledge"": 0.89, ""Telephone Access"": 0.02, ""Tests, Investigations and Results"": 0.02, ""Treatment Effectiveness and Safety"": 0.05, ""Vaccinations and Immunisations"": 0.01, ""Waiting Time at the Surgery"": 0.02, ""Website and Practice Information"": 0.02}",2.81,0.84,0.0,1.0,0.01,0.99
10/8/26 5:22,Very good,Because I have the best Doctor PERSON who apart to be a very good professional is an amazing person also PERSON PERSON the girls working in the reception they are very helpful kind and nice people I need including the 2 lady s to take the blood text unfortunately idontcremember that he name all of them make me feel at home Thank you very much all of you,Emperors-Gate-Health-Centre,Brompton-Health-PCN,Positive,1.0,Staff Kindness and Empathy,0.88,Reception Service | Staff Professionalism and Knowledge,"{""Appointment Availability and Lead Times"": 0.02, ""Clinical Assessment and Diagnosis"": 0.04, ""Consultation Communication and Listening"": 0.12, ""Digital Booking and Online Systems"": 0.01, ""Facilities, Cleanliness and Environment"": 0.04, ""Feedback and Complaints Handling"": 0.02, ""Follow-up and Continuity of Care"": 0.03, ""Mental Health Support"": 0.02, ""Overall Service and Practice"": 0.52, ""Patient Information and Education"": 0.04, ""Physical Accessibility"": 0.02, ""Prescriptions and Medication Management"": 0.02, ""Reception Service"": 0.84, ""Referral, Specialist and Hospital Coordination"": 0.02, ""Remote Consultation"": 0.01, ""Respect, Dignity, Privacy and Inclusion"": 0.1, ""Staff Kindness and Empathy"": 0.89, ""Staff Professionalism and Knowledge"": 0.71, ""Telephone Access"": 0.02, ""Tests, Investigations and Results"": 0.17, ""Treatment Effectiveness and Safety"": 0.04, ""Vaccinations and Immunisations"": 0.01, ""Waiting Time at the Surgery"": 0.02, ""Website and Practice Information"": 0.02}",3.25,0.78,0.03,0.97,0.03,0.97
10/29/24 8:55,Very good,Every time I came with my appointment it s always on time,Stanhope-Mews-Surgery,Brompton-Health-PCN,Positive,0.39,Waiting Time at the Surgery,0.99,,"{""Appointment Availability and Lead Times"": 0.11, ""Clinical Assessment and Diagnosis"": 0.02, ""Consultation Communication and Listening"": 0.02, ""Digital Booking and Online Systems"": 0.02, ""Facilities, Cleanliness and Environment"": 0.02, ""Feedback and Complaints Handling"": 0.02, ""Follow-up and Continuity of Care"": 0.07, ""Mental Health Support"": 0.02, ""Overall Service and Practice"": 0.18, ""Patient Information and Education"": 0.02, ""Physical Accessibility"": 0.02, ""Prescriptions and Medication Management"": 0.02, ""Reception Service"": 0.1, ""Referral, Specialist and Hospital Coordination"": 0.02, ""Remote Consultation"": 0.02, ""Respect, Dignity, Privacy and Inclusion"": 0.02, ""Staff Kindness and Empathy"": 0.02, ""Staff Professionalism and Knowledge"": 0.04, ""Telephone Access"": 0.02, ""Tests, Investigations and Results"": 0.02, ""Treatment Effectiveness and Safety"": 0.02, ""Vaccinations and Immunisations"": 0.02, ""Waiting Time at the Surgery"": 0.39, ""Website and Practice Information"": 0.03}",1.16,0.54,0.15,0.85,0.04,0.96
6/23/25 12:45,Very good,Staff are all very helpful friendly and knowledgeable,The-Chelsea-Practice,Brompton-Health-PCN,Positive,1.0,Staff Professionalism and Knowledge,0.95,Staff Kindness and Empathy,"{""Appointment Availability and Lead Times"": 0.02, ""Clinical Assessment and Diagnosis"": 0.02, ""Consultation Communication and Listening"": 0.15, ""Digital Booking and Online Systems"": 0.02, ""Facilities, Cleanliness and Environment"": 0.02, ""Feedback and Complaints Handling"": 0.03, ""Follow-up and Continuity of Care"": 0.02, ""Mental Health Support"": 0.01, ""Overall Service and Practice"": 0.29, ""Patient Information and Education"": 0.19, ""Physical Accessibility"": 0.02, ""Prescriptions and Medication Management"": 0.02, ""Reception Service"": 0.08, ""Referral, Specialist and Hospital Coordination"": 0.02, ""Remote Consultation"": 0.02, ""Respect, Dignity, Privacy and Inclusion"": 0.04, ""Staff Kindness and Empathy"": 0.66, ""Staff Professionalism and Knowledge"": 0.81, ""Telephone Access"": 0.02, ""Tests, Investigations and Results"": 0.02, ""Treatment Effectiveness and Safety"": 0.02, ""Vaccinations and Immunisations"": 0.02, ""Waiting Time at the Surgery"": 0.02, ""Website and Practice Information"": 0.02}",2.62,0.68,0.0,1.0,0.0,1.0
1/6/25 20:03,Very good,I ve found professional who treated me kindly with respect,Earls-Court-Surgery,Brompton-Health-PCN,Positive,1.0,Staff Kindness and Empathy,0.66,"Respect, Dignity, Privacy and Inclusion","{""Appointment Availability and Lead Times"": 0.02, ""Clinical Assessment and Diagnosis"": 0.02, ""Consultation Communication and Listening"": 0.37, ""Digital Booking and Online Systems"": 0.02, ""Facilities, Cleanliness and Environment"": 0.02, ""Feedback and Complaints Handling"": 0.03, ""Follow-up and Continuity of Care"": 0.02, ""Mental Health Support"": 0.07, ""Overall Service and Practice"": 0.37, ""Patient Information and Education"": 0.03, ""Physical Accessibility"": 0.02, ""Prescriptions and Medication Management"": 0.02, ""Reception Service"": 0.06, ""Referral, Specialist and Hospital Coordination"": 0.02, ""Remote Consultation"": 0.02, ""Respect, Dignity, Privacy and Inclusion"": 0.64, ""Staff Kindness and Empathy"": 0.89, ""Staff Professionalism and Knowledge"": 0.5, ""Telephone Access"": 0.02, ""Tests, Investigations and Results"": 0.02, ""Treatment Effectiveness and Safety"": 0.03, ""Vaccinations and Immunisations"": 0.02, ""Waiting Time at the Surgery"": 0.02, ""Website and Practice Information"": 0.02}",1.95,0.9,0.0,1.0,0.02,0.98
9/24/24 19:08,Very good,I got timely appointment with a very good doctor The receptionist was very courteous and efficient,Kensington-Park-Medical-Centre,Brompton-Health-PCN,Positive,1.0,Appointment Availability and Lead Times,0.54,Reception Service | Staff Kindness and Empathy | Staff Professionalism and Knowledge,"{""Appointment Availability and Lead Times"": 0.84, ""Clinical Assessment and Diagnosis"": 0.04, ""Consultation Communication and Listening"": 0.07, ""Digital Booking and Online Systems"": 0.03, ""Facilities, Cleanliness and Environment"": 0.03, ""Feedback and Complaints Handling"": 0.03, ""Follow-up and Continuity of Care"": 0.03, ""Mental Health Support"": 0.02, ""Overall Service and Practice"": 0.33, ""Patient Information and Education"": 0.02, ""Physical Accessibility"": 0.02, ""Prescriptions and Medication Management"": 0.02, ""Reception Service"": 0.9, ""Referral, Specialist and Hospital Coordination"": 0.02, ""Remote Consultation"": 0.02, ""Respect, Dignity, Privacy and Inclusion"": 0.09, ""Staff Kindness and Empathy"": 0.61, ""Staff Professionalism and Knowledge"": 0.68, ""Telephone Access"": 0.05, ""Tests, Investigations and Results"": 0.02, ""Treatment Effectiveness and Safety"": 0.03, ""Vaccinations and Immunisations"": 0.02, ""Waiting Time at the Surgery"": 0.27, ""Website and Practice Information"": 0.03}",2.39,0.67,0.0,1.0,0.0,1.0
9/24/24 10:16,Very good,Full marks to Dr PERSON listening empathy and I felt like being listened to and helpful,Stanhope-Mews-Surgery,Brompton-Health-PCN,Positive,1.0,Consultation Communication and Listening,0.93,Staff Kindness and Empathy,"{""Appointment Availability and Lead Times"": 0.02, ""Clinical Assessment and Diagnosis"": 0.02, ""Consultation Communication and Listening"": 0.85, ""Digital Booking and Online Systems"": 0.02, ""Facilities, Cleanliness and Environment"": 0.02, ""Feedback and Complaints Handling"": 0.04, ""Follow-up and Continuity of Care"": 0.02, ""Mental Health Support"": 0.15, ""Overall Service and Practice"": 0.12, ""Patient Information and Education"": 0.03, ""Physical Accessibility"": 0.02, ""Prescriptions and Medication Management"": 0.02, ""Reception Service"": 0.02, ""Referral, Specialist and Hospital Coordination"": 0.02, ""Remote Consultation"": 0.02, ""Respect, Dignity, Privacy and Inclusion"": 0.08, ""Staff Kindness and Empathy"": 0.88, ""Staff Professionalism and Knowledge"": 0.18, ""Telephone Access"": 0.02, ""Tests, Investigations and Results"": 0.02, ""Treatment Effectiveness and Safety"": 0.05, ""Vaccinations and Immunisations"": 0.02, ""Waiting Time at the Surgery"": 0.02, ""Website and Practice Information"": 0.02}",3.22,0.79,0.0,1.0,0.01,0.99
2/22/24 15:19,Good,Overall Good Staff is friendly and GP is responsive Premises could do with a bit of a facelift Website could offer more interactive features as not all the ones listed are actually available,Earls-Court-Surgery,Brompton-Health-PCN,Neutral or Mixed,0.56,Overall Service and Practice,0.67,"Staff Kindness and Empathy | Facilities, Cleanliness and Environment | Website and Practice Information","{""Appointment Availability and Lead Times"": 0.15, ""Clinical Assessment and Diagnosis"": 0.07, ""Consultation Communication and Listening"": 0.15, ""Digital Booking and Online Systems"": 0.58, ""Facilities, Cleanliness and Environment"": 0.8, ""Feedback and Complaints Handling"": 0.03, ""Follow-up and Continuity of Care"": 0.09, ""Mental Health Support"": 0.02, ""Overall Service and Practice"": 0.47, ""Patient Information and Education"": 0.24, ""Physical Accessibility"": 0.04, ""Prescriptions and Medication Management"": 0.02, ""Reception Service"": 0.12, ""Referral, Specialist and Hospital Coordination"": 0.02, ""Remote Consultation"": 0.04, ""Respect, Dignity, Privacy and Inclusion"": 0.03, ""Staff Kindness and Empathy"": 0.71, ""Staff Professionalism and Knowledge"": 0.23, ""Telephone Access"": 0.02, ""Tests, Investigations and Results"": 0.03, ""Treatment Effectiveness and Safety"": 0.04, ""Vaccinations and Immunisations"": 0.02, ""Waiting Time at the Surgery"": 0.03, ""Website and Practice Information"": 0.9}",1.27,0.77,2.77,0.77,0.47,0.53
1/20/26 19:06,Very good,It looks like new young doctors care more and better about their patients,Emperors-Gate-Health-Centre,Brompton-Health-PCN,Positive,0.9,Staff Kindness and Empathy,0.85,,"{""Appointment Availability and Lead Times"": 0.02, ""Clinical Assessment and Diagnosis"": 0.03, ""Consultation Communication and Listening"": 0.08, ""Digital Booking and Online Systems"": 0.01, ""Facilities, Cleanliness and Environment"": 0.02, ""Feedback and Complaints Handling"": 0.02, ""Follow-up and Continuity of Care"": 0.03, ""Mental Health Support"": 0.02, ""Overall Service and Practice"": 0.27, ""Patient Information and Education"": 0.04, ""Physical Accessibility"": 0.02, ""Prescriptions and Medication Management"": 0.02, ""Reception Service"": 0.02, ""Referral, Specialist and Hospital Coordination"": 0.02, ""Remote Consultation"": 0.02, ""Respect, Dignity, Privacy and Inclusion"": 0.04, ""Staff Kindness and Empathy"": 0.66, ""Staff Professionalism and Knowledge"": 0.41, ""Telephone Access"": 0.02, ""Tests, Investigations and Results"": 0.02, ""Treatment Effectiveness and Safety"": 0.11, ""Vaccinations and Immunisations"": 0.01, ""Waiting Time at the Surgery"": 0.02, ""Website and Practice Information"": 0.02}",2.1,0.84,0.12,0.88,0.28,0.72
6/22/24 14:53,Very good,I have confidence in the doctors I have seen,Stanhope-Mews-Surgery,Brompton-Health-PCN,Positive,0.97,Staff Professionalism and Knowledge,1.0,,"{""Appointment Availability and Lead Times"": 0.02, ""Clinical Assessment and Diagnosis"": 0.05, ""Consultation Communication and Listening"": 0.04, ""Digital Booking and Online Systems"": 0.02, ""Facilities, Cleanliness and Environment"": 0.02, ""Feedback and Complaints Handling"": 0.02, ""Follow-up and Continuity of Care"": 0.04, ""Mental Health Support"": 0.03, ""Overall Service and Practice"": 0.14, ""Patient Information and Education"": 0.03, ""Physical Accessibility"": 0.02, ""Prescriptions and Medication Management"": 0.02, ""Reception Service"": 0.02, ""Referral, Specialist and Hospital Coordination"": 0.02, ""Remote Consultation"": 0.02, ""Respect, Dignity, Privacy and Inclusion"": 0.02, ""Staff Kindness and Empathy"": 0.04, ""Staff Professionalism and Knowledge"": 0.43, ""Telephone Access"": 0.02, ""Tests, Investigations and Results"": 0.02, ""Treatment Effectiveness and Safety"": 0.09, ""Vaccinations and Immunisations"": 0.02, ""Waiting Time at the Surgery"": 0.02, ""Website and Practice Information"": 0.02}",1.72,0.75,0.0,1.0,0.01,0.99
3/17/26 16:49,Poor,First appointment was more of a fob off Come back in 2 weeks if it still hurts Second appointment Didn t seem to know what was wrong directed to physio Physio appointment Diagnosed wrong and gave wrong advice Had to pay for a specialist to do a scan as no scan was offered before Out come was a completely different diagnosis that requires more scans and treatment,Health-Partners-at-Violet-Melchett,Brompton-Health-PCN,Negative,1.0,Clinical Assessment and Diagnosis,1.0,"Tests, Investigations and Results | Referral, Specialist and Hospital Coordination | Follow-up and Continuity of Care | Staff Professionalism and Knowledge","{""Appointment Availability and Lead Times"": 0.16, ""Clinical Assessment and Diagnosis"": 0.91, ""Consultation Communication and Listening"": 0.45, ""Digital Booking and Online Systems"": 0.02, ""Facilities, Cleanliness and Environment"": 0.02, ""Feedback and Complaints Handling"": 0.04, ""Follow-up and Continuity of Care"": 0.72, ""Mental Health Support"": 0.01, ""Overall Service and Practice"": 0.4, ""Patient Information and Education"": 0.36, ""Physical Accessibility"": 0.02, ""Prescriptions and Medication Management"": 0.02, ""Reception Service"": 0.03, ""Referral, Specialist and Hospital Coordination"": 0.61, ""Remote Consultation"": 0.02, ""Respect, Dignity, Privacy and Inclusion"": 0.04, ""Staff Kindness and Empathy"": 0.08, ""Staff Professionalism and Knowledge"": 0.81, ""Telephone Access"": 0.02, ""Tests, Investigations and Results"": 0.87, ""Treatment Effectiveness and Safety"": 0.54, ""Vaccinations and Immunisations"": 0.01, ""Waiting Time at the Surgery"": 0.05, ""Website and Practice Information"": 0.02}",3.35,0.69,2.95,0.95,2.71,0.71
6/6/26 16:12,Good,Prompt connection with a doctor who came to see me,Health-Partners-at-Violet-Melchett,Brompton-Health-PCN,Neutral or Mixed,0.69,Appointment Availability and Lead Times,0.26,,"{""Appointment Availability and Lead Times"": 0.11, ""Clinical Assessment and Diagnosis"": 0.05, ""Consultation Communication and Listening"": 0.16, ""Digital Booking and Online Systems"": 0.05, ""Facilities, Cleanliness and Environment"": 0.02, ""Feedback and Complaints Handling"": 0.05, ""Follow-up and Continuity of Care"": 0.22, ""Mental Health Support"": 0.1, ""Overall Service and Practice"": 0.15, ""Patient Information and Education"": 0.05, ""Physical Accessibility"": 0.04, ""Prescriptions and Medication Management"": 0.03, ""Reception Service"": 0.08, ""Referral, Specialist and Hospital Coordination"": 0.25, ""Remote Consultation"": 0.05, ""Respect, Dignity, Privacy and Inclusion"": 0.03, ""Staff Kindness and Empathy"": 0.08, ""Staff Professionalism and Knowledge"": 0.11, ""Telephone Access"": 0.11, ""Tests, Investigations and Results"": 0.02, ""Treatment Effectiveness and Safety"": 0.03, ""Vaccinations and Immunisations"": 0.02, ""Waiting Time at the Surgery"": 0.05, ""Website and Practice Information"": 0.03}",0.34,0.71,0.75,0.25,0.43,0.57
9/30/24 8:24,Very good,Amazingly responsive service Recently changed from another practice and the level of depth and ease of communication is phenomenally better,The-Chelsea-Practice,Brompton-Health-PCN,Positive,1.0,Overall Service and Practice,0.49,Consultation Communication and Listening,"{""Appointment Availability and Lead Times"": 0.08, ""Clinical Assessment and Diagnosis"": 0.03, ""Consultation Communication and Listening"": 0.68, ""Digital Booking and Online Systems"": 0.02, ""Facilities, Cleanliness and Environment"": 0.02, ""Feedback and Complaints Handling"": 0.07, ""Follow-up and Continuity of Care"": 0.16, ""Mental Health Support"": 0.03, ""Overall Service and Practice"": 0.66, ""Patient Information and Education"": 0.19, ""Physical Accessibility"": 0.02, ""Prescriptions and Medication Management"": 0.02, ""Reception Service"": 0.12, ""Referral, Specialist and Hospital Coordination"": 0.02, ""Remote Consultation"": 0.02, ""Respect, Dignity, Privacy and Inclusion"": 0.03, ""Staff Kindness and Empathy"": 0.11, ""Staff Professionalism and Knowledge"": 0.3, ""Telephone Access"": 0.11, ""Tests, Investigations and Results"": 0.02, ""Treatment Effectiveness and Safety"": 0.03, ""Vaccinations and Immunisations"": 0.01, ""Waiting Time at the Surgery"": 0.1, ""Website and Practice Information"": 0.03}",3.54,0.62,0.03,0.97,0.02,0.98
1/28/26 11:23,Good,Conversation over the phone went smoothly and with respect,The-Abingdon-Medical-Practice,Brompton-Health-PCN,Positive,0.98,Remote Consultation,0.47,,"{""Appointment Availability and Lead Times"": 0.02, ""Clinical Assessment and Diagnosis"": 0.02, ""Consultation Communication and Listening"": 0.54, ""Digital Booking and Online Systems"": 0.02, ""Facilities, Cleanliness and Environment"": 0.02, ""Feedback and Complaints Handling"": 0.07, ""Follow-up and Continuity of Care"": 0.02, ""Mental Health Support"": 0.03, ""Overall Service and Practice"": 0.2, ""Patient Information and Education"": 0.03, ""Physical Accessibility"": 0.02, ""Prescriptions and Medication Management"": 0.02, ""Reception Service"": 0.14, ""Referral, Specialist and Hospital Coordination"": 0.03, ""Remote Consultation"": 0.25, ""Respect, Dignity, Privacy and Inclusion"": 0.47, ""Staff Kindness and Empathy"": 0.38, ""Staff Professionalism and Knowledge"": 0.32, ""Telephone Access"": 0.38, ""Tests, Investigations and Results"": 0.02, ""Treatment Effectiveness and Safety"": 0.02, ""Vaccinations and Immunisations"": 0.01, ""Waiting Time at the Surgery"": 0.02, ""Website and Practice Information"": 0.02}",1.7,0.75,0.0,1.0,0.0,1.0
8/3/24 23:16,Very good,The service from the receptionist has been Very good always kind and will get a dr to call you back,Health-Partners-at-Violet-Melchett,Brompton-Health-PCN,Positive,1.0,Reception Service,1.0,Staff Kindness and Empathy,"{""Appointment Availability and Lead Times"": 0.03, ""Clinical Assessment and Diagnosis"": 0.05, ""Consultation Communication and Listening"": 0.24, ""Digital Booking and Online Systems"": 0.02, ""Facilities, Cleanliness and Environment"": 0.02, ""Feedback and Complaints Handling"": 0.07, ""Follow-up and Continuity of Care"": 0.53, ""Mental Health Support"": 0.03, ""Overall Service and Practice"": 0.3, ""Patient Information and Education"": 0.06, ""Physical Accessibility"": 0.02, ""Prescriptions and Medication Management"": 0.03, ""Reception Service"": 0.94, ""Referral, Specialist and Hospital Coordination"": 0.12, ""Remote Consultation"": 0.07, ""Respect, Dignity, Privacy and Inclusion"": 0.1, ""Staff Kindness and Empathy"": 0.86, ""Staff Professionalism and Knowledge"": 0.56, ""Telephone Access"": 0.59, ""Tests, Investigations and Results"": 0.02, ""Treatment Effectiveness and Safety"": 0.02, ""Vaccinations and Immunisations"": 0.01, ""Waiting Time at the Surgery"": 0.04, ""Website and Practice Information"": 0.02}",2.51,0.59,0.01,0.99,0.04,0.96
2/3/26 14:16,Poor,Long awaited appointment cancelled on day no replacement appointment available not the first time this has happened,Health-Partners-at-Violet-Melchett,Brompton-Health-PCN,Negative,1.0,Appointment Availability and Lead Times,1.0,Follow-up and Continuity of Care,"{""Appointment Availability and Lead Times"": 0.87, ""Clinical Assessment and Diagnosis"": 0.03, ""Consultation Communication and Listening"": 0.09, ""Digital Booking and Online Systems"": 0.04, ""Facilities, Cleanliness and Environment"": 0.02, ""Feedback and Complaints Handling"": 0.05, ""Follow-up and Continuity of Care"": 0.67, ""Mental Health Support"": 0.03, ""Overall Service and Practice"": 0.45, ""Patient Information and Education"": 0.09, ""Physical Accessibility"": 0.02, ""Prescriptions and Medication Management"": 0.02, ""Reception Service"": 0.19, ""Referral, Specialist and Hospital Coordination"": 0.11, ""Remote Consultation"": 0.02, ""Respect, Dignity, Privacy and Inclusion"": 0.03, ""Staff Kindness and Empathy"": 0.03, ""Staff Professionalism and Knowledge"": 0.05, ""Telephone Access"": 0.03, ""Tests, Investigations and Results"": 0.02, ""Treatment Effectiveness and Safety"": 0.02, ""Vaccinations and Immunisations"": 0.02, ""Waiting Time at the Surgery"": 0.25, ""Website and Practice Information"": 0.04}",2.81,0.75,2.88,0.88,2.02,0.88
2/17/26 17:39,Very good,Dr PERSON called me back promptly listened with full attention and then decided I needed to be seen by a specialist She booked me in while I was on the phone so the handover was seamless and required no agency in my part The specialist examined me and swiftly organised a physio appointment for the following day and referral to Phsiotherapy Women s health Pelvic Triage for further care,Stanhope-Mews-Surgery,Brompton-Health-PCN,Positive,1.0,"Referral, Specialist and Hospital Coordination",1.0,Appointment Availability and Lead Times | Telephone Access | Follow-up and Continuity of Care | Consultation Communication and Listening,"{""Appointment Availability and Lead Times"": 0.7, ""Clinical Assessment and Diagnosis"": 0.35, ""Consultation Communication and Listening"": 0.84, ""Digital Booking and Online Systems"": 0.04, ""Facilities, Cleanliness and Environment"": 0.02, ""Feedback and Complaints Handling"": 0.03, ""Follow-up and Continuity of Care"": 0.74, ""Mental Health Support"": 0.01, ""Overall Service and Practice"": 0.22, ""Patient Information and Education"": 0.07, ""Physical Accessibility"": 0.04, ""Prescriptions and Medication Management"": 0.02, ""Reception Service"": 0.1, ""Referral, Specialist and Hospital Coordination"": 0.87, ""Remote Consultation"": 0.1, ""Respect, Dignity, Privacy and Inclusion"": 0.05, ""Staff Kindness and Empathy"": 0.39, ""Staff Professionalism and Knowledge"": 0.59, ""Telephone Access"": 0.64, ""Tests, Investigations and Results"": 0.03, ""Treatment Effectiveness and Safety"": 0.06, ""Vaccinations and Immunisations"": 0.01, ""Waiting Time at the Surgery"": 0.11, ""Website and Practice Information"": 0.02}",2.54,0.61,0.04,0.96,0.08,0.92
7/25/24 9:10,Very good,GP always returns calls follow up on problems Nurses very sensible and caring,Stanhope-Mews-Surgery,Brompton-Health-PCN,Positive,0.94,Follow-up and Continuity of Care,0.83,Staff Kindness and Empathy,"{""Appointment Availability and Lead Times"": 0.06, ""Clinical Assessment and Diagnosis"": 0.05, ""Consultation Communication and Listening"": 0.28, ""Digital Booking and Online Systems"": 0.02, ""Facilities, Cleanliness and Environment"": 0.02, ""Feedback and Complaints Handling"": 0.31, ""Follow-up and Continuity of Care"": 0.83, ""Mental Health Support"": 0.03, ""Overall Service and Practice"": 0.3, ""Patient Information and Education"": 0.06, ""Physical Accessibility"": 0.02, ""Prescriptions and Medication Management"": 0.03, ""Reception Service"": 0.04, ""Referral, Specialist and Hospital Coordination"": 0.03, ""Remote Consultation"": 0.03, ""Respect, Dignity, Privacy and Inclusion"": 0.05, ""Staff Kindness and Empathy"": 0.8, ""Staff Professionalism and Knowledge"": 0.51, ""Telephone Access"": 0.51, ""Tests, Investigations and Results"": 0.02, ""Treatment Effectiveness and Safety"": 0.07, ""Vaccinations and Immunisations"": 0.02, ""Waiting Time at the Surgery"": 0.03, ""Website and Practice Information"": 0.02}",2.3,0.7,0.66,0.34,0.17,0.83
1/28/25 1:45,Very good,All doctors are very helpful and professional It was easy to get appointments for analysis check and advice regarding the results,Scarsdale-Medical-Centre,Brompton-Health-PCN,Positive,1.0,Staff Professionalism and Knowledge,0.75,"Appointment Availability and Lead Times | Tests, Investigations and Results","{""Appointment Availability and Lead Times"": 0.82, ""Clinical Assessment and Diagnosis"": 0.2, ""Consultation Communication and Listening"": 0.23, ""Digital Booking and Online Systems"": 0.05, ""Facilities, Cleanliness and Environment"": 0.03, ""Feedback and Complaints Handling"": 0.03, ""Follow-up and Continuity of Care"": 0.29, ""Mental Health Support"": 0.02, ""Overall Service and Practice"": 0.55, ""Patient Information and Education"": 0.46, ""Physical Accessibility"": 0.03, ""Prescriptions and Medication Management"": 0.03, ""Reception Service"": 0.15, ""Referral, Specialist and Hospital Coordination"": 0.03, ""Remote Consultation"": 0.02, ""Respect, Dignity, Privacy and Inclusion"": 0.04, ""Staff Kindness and Empathy"": 0.41, ""Staff Professionalism and Knowledge"": 0.82, ""Telephone Access"": 0.03, ""Tests, Investigations and Results"": 0.77, ""Treatment Effectiveness and Safety"": 0.04, ""Vaccinations and Immunisations"": 0.01, ""Waiting Time at the Surgery"": 0.12, ""Website and Practice Information"": 0.05}",2.42,0.64,0.0,1.0,0.0,1.0
1/9/26 11:13,Very good,The GP throughly listened to my concerns and determined next steps to investigate what is going on,Health-Partners-at-Violet-Melchett,Brompton-Health-PCN,Positive,0.96,Consultation Communication and Listening,0.93,Clinical Assessment and Diagnosis | Staff Professionalism and Knowledge,"{""Appointment Availability and Lead Times"": 0.02, ""Clinical Assessment and Diagnosis"": 0.6, ""Consultation Communication and Listening"": 0.9, ""Digital Booking and Online Systems"": 0.02, ""Facilities, Cleanliness and Environment"": 0.02, ""Feedback and Complaints Handling"": 0.05, ""Follow-up and Continuity of Care"": 0.24, ""Mental Health Support"": 0.03, ""Overall Service and Practice"": 0.14, ""Patient Information and Education"": 0.13, ""Physical Accessibility"": 0.02, ""Prescriptions and Medication Management"": 0.03, ""Reception Service"": 0.02, ""Referral, Specialist and Hospital Coordination"": 0.04, ""Remote Consultation"": 0.02, ""Respect, Dignity, Privacy and Inclusion"": 0.12, ""Staff Kindness and Empathy"": 0.58, ""Staff Professionalism and Knowledge"": 0.63, ""Telephone Access"": 0.02, ""Tests, Investigations and Results"": 0.29, ""Treatment Effectiveness and Safety"": 0.03, ""Vaccinations and Immunisations"": 0.02, ""Waiting Time at the Surgery"": 0.02, ""Website and Practice Information"": 0.02}",1.98,0.88,0.0,1.0,0.01,0.99
5/5/25 15:49,Very good,I was treated kindly efficiently and effectively by Dr PERSON eling which I appreciated,Health-Partners-at-Violet-Melchett,Brompton-Health-PCN,Positive,1.0,Staff Kindness and Empathy,0.76,,"{""Appointment Availability and Lead Times"": 0.04, ""Clinical Assessment and Diagnosis"": 0.04, ""Consultation Communication and Listening"": 0.26, ""Digital Booking and Online Systems"": 0.02, ""Facilities, Cleanliness and Environment"": 0.02, ""Feedback and Complaints Handling"": 0.03, ""Follow-up and Continuity of Care"": 0.03, ""Mental Health Support"": 0.04, ""Overall Service and Practice"": 0.27, ""Patient Information and Education"": 0.04, ""Physical Accessibility"": 0.02, ""Prescriptions and Medication Management"": 0.02, ""Reception Service"": 0.03, ""Referral, Specialist and Hospital Coordination"": 0.02, ""Remote Consultation"": 0.02, ""Respect, Dignity, Privacy and Inclusion"": 0.2, ""Staff Kindness and Empathy"": 0.72, ""Staff Professionalism and Knowledge"": 0.51, ""Telephone Access"": 0.02, ""Tests, Investigations and Results"": 0.02, ""Treatment Effectiveness and Safety"": 0.5, ""Vaccinations and Immunisations"": 0.02, ""Waiting Time at the Surgery"": 0.08, ""Website and Practice Information"": 0.02}",2.03,0.91,0.0,1.0,0.01,0.99
1/17/25 19:48,Very good,KPMC provides exceptional care and healthcare,Kensington-Park-Medical-Centre,Brompton-Health-PCN,Positive,1.0,Overall Service and Practice,1.0,,"{""Appointment Availability and Lead Times"": 0.02, ""Clinical Assessment and Diagnosis"": 0.03, ""Consultation Communication and Listening"": 0.03, ""Digital Booking and Online Systems"": 0.02, ""Facilities, Cleanliness and Environment"": 0.02, ""Feedback and Complaints Handling"": 0.02, ""Follow-up and Continuity of Care"": 0.03, ""Mental Health Support"": 0.02, ""Overall Service and Practice"": 0.48, ""Patient Information and Education"": 0.03, ""Physical Accessibility"": 0.02, ""Prescriptions and Medication Management"": 0.02, ""Reception Service"": 0.02, ""Referral, Specialist and Hospital Coordination"": 0.02, ""Remote Consultation"": 0.02, ""Respect, Dignity, Privacy and Inclusion"": 0.02, ""Staff Kindness and Empathy"": 0.08, ""Staff Professionalism and Knowledge"": 0.07, ""Telephone Access"": 0.02, ""Tests, Investigations and Results"": 0.02, ""Treatment Effectiveness and Safety"": 0.11, ""Vaccinations and Immunisations"": 0.02, ""Waiting Time at the Surgery"": 0.02, ""Website and Practice Information"": 0.02}",3.04,0.91,0.0,1.0,0.01,0.99
4/14/26 17:24,Very good,I wrote on Patches and the GP called me the very next day,Health-Partners-at-Violet-Melchett,Brompton-Health-PCN,Neutral or Mixed,0.38,Follow-up and Continuity of Care,0.49,,"{""Appointment Availability and Lead Times"": 0.36, ""Clinical Assessment and Diagnosis"": 0.04, ""Consultation Communication and Listening"": 0.21, ""Digital Booking and Online Systems"": 0.02, ""Facilities, Cleanliness and Environment"": 0.02, ""Feedback and Complaints Handling"": 0.44, ""Follow-up and Continuity of Care"": 0.68, ""Mental Health Support"": 0.1, ""Overall Service and Practice"": 0.21, ""Patient Information and Education"": 0.07, ""Physical Accessibility"": 0.03, ""Prescriptions and Medication Management"": 0.3, ""Reception Service"": 0.06, ""Referral, Specialist and Hospital Coordination"": 0.03, ""Remote Consultation"": 0.07, ""Respect, Dignity, Privacy and Inclusion"": 0.02, ""Staff Kindness and Empathy"": 0.09, ""Staff Professionalism and Knowledge"": 0.13, ""Telephone Access"": 0.51, ""Tests, Investigations and Results"": 0.02, ""Treatment Effectiveness and Safety"": 0.05, ""Vaccinations and Immunisations"": 0.11, ""Waiting Time at the Surgery"": 0.45, ""Website and Practice Information"": 0.04}",0.71,0.41,0.29,0.71,0.42,0.58
2/9/24 20:54,Very poor,Doctor was very rude and she was in a rush because she said they are closing soon and she is tired and did not even help me with my condition just asked me to be patient,Emperors-Gate-Health-Centre,Brompton-Health-PCN,Negative,1.0,Consultation Communication and Listening,0.84,"Staff Kindness and Empathy | Staff Professionalism and Knowledge | Respect, Dignity, Privacy and Inclusion","{""Appointment Availability and Lead Times"": 0.1, ""Clinical Assessment and Diagnosis"": 0.33, ""Consultation Communication and Listening"": 0.88, ""Digital Booking and Online Systems"": 0.02, ""Facilities, Cleanliness and Environment"": 0.03, ""Feedback and Complaints Handling"": 0.05, ""Follow-up and Continuity of Care"": 0.05, ""Mental Health Support"": 0.03, ""Overall Service and Practice"": 0.44, ""Patient Information and Education"": 0.45, ""Physical Accessibility"": 0.02, ""Prescriptions and Medication Management"": 0.03, ""Reception Service"": 0.04, ""Referral, Specialist and Hospital Coordination"": 0.02, ""Remote Consultation"": 0.02, ""Respect, Dignity, Privacy and Inclusion"": 0.64, ""Staff Kindness and Empathy"": 0.86, ""Staff Professionalism and Knowledge"": 0.82, ""Telephone Access"": 0.02, ""Tests, Investigations and Results"": 0.02, ""Treatment Effectiveness and Safety"": 0.16, ""Vaccinations and Immunisations"": 0.02, ""Waiting Time at the Surgery"": 0.15, ""Website and Practice Information"": 0.02}",3.11,0.86,2.83,0.83,2.04,0.8
3/9/24 12:00,Very good,Amazing GP and a good receptionist,Kensington-Park-Medical-Centre,Brompton-Health-PCN,Positive,1.0,Staff Professionalism and Knowledge,0.78,Reception Service,"{""Appointment Availability and Lead Times"": 0.02, ""Clinical Assessment and Diagnosis"": 0.03, ""Consultation Communication and Listening"": 0.06, ""Digital Booking and Online Systems"": 0.02, ""Facilities, Cleanliness and Environment"": 0.02, ""Feedback and Complaints Handling"": 0.02, ""Follow-up and Continuity of Care"": 0.03, ""Mental Health Support"": 0.02, ""Overall Service and Practice"": 0.2, ""Patient Information and Education"": 0.02, ""Physical Accessibility"": 0.02, ""Prescriptions and Medication Management"": 0.02, ""Reception Service"": 0.78, ""Referral, Specialist and Hospital Coordination"": 0.02, ""Remote Consultation"": 0.02, ""Respect, Dignity, Privacy and Inclusion"": 0.02, ""Staff Kindness and Empathy"": 0.23, ""Staff Professionalism and Knowledge"": 0.41, ""Telephone Access"": 0.02, ""Tests, Investigations and Results"": 0.02, ""Treatment Effectiveness and Safety"": 0.03, ""Vaccinations and Immunisations"": 0.02, ""Waiting Time at the Surgery"": 0.02, ""Website and Practice Information"": 0.02}",2.87,0.88,0.0,1.0,0.0,1.0
5/21/24 15:10,Very good,Very good support from the doctors and the whole team The doctors are knowledgeable and always ready to solve any medical problem,Stanhope-Mews-Surgery,Brompton-Health-PCN,Positive,1.0,Staff Professionalism and Knowledge,1.0,,"{""Appointment Availability and Lead Times"": 0.02, ""Clinical Assessment and Diagnosis"": 0.14, ""Consultation Communication and Listening"": 0.18, ""Digital Booking and Online Systems"": 0.02, ""Facilities, Cleanliness and Environment"": 0.02, ""Feedback and Complaints Handling"": 0.03, ""Follow-up and Continuity of Care"": 0.07, ""Mental Health Support"": 0.03, ""Overall Service and Practice"": 0.38, ""Patient Information and Education"": 0.08, ""Physical Accessibility"": 0.02, ""Prescriptions and Medication Management"": 0.03, ""Reception Service"": 0.03, ""Referral, Specialist and Hospital Coordination"": 0.03, ""Remote Consultation"": 0.02, ""Respect, Dignity, Privacy and Inclusion"": 0.03, ""Staff Kindness and Empathy"": 0.44, ""Staff Professionalism and Knowledge"": 0.87, ""Telephone Access"": 0.02, ""Tests, Investigations and Results"": 0.02, ""Treatment Effectiveness and Safety"": 0.11, ""Vaccinations and Immunisations"": 0.02, ""Waiting Time at the Surgery"": 0.02, ""Website and Practice Information"": 0.02}",2.88,0.89,0.0,1.0,0.0,1.0
1/8/25 15:20,Good,It s been easy to get repeat prescriptions but trying to get a new medication added has been very difficult I have often sent through requests and nothing has happened,Earls-Court-Medical-Centre,Brompton-Health-PCN,Negative,0.56,Prescriptions and Medication Management,1.0,,"{""Appointment Availability and Lead Times"": 0.07, ""Clinical Assessment and Diagnosis"": 0.11, ""Consultation Communication and Listening"": 0.12, ""Digital Booking and Online Systems"": 0.14, ""Facilities, Cleanliness and Environment"": 0.02, ""Feedback and Complaints Handling"": 0.04, ""Follow-up and Continuity of Care"": 0.48, ""Mental Health Support"": 0.02, ""Overall Service and Practice"": 0.23, ""Patient Information and Education"": 0.03, ""Physical Accessibility"": 0.02, ""Prescriptions and Medication Management"": 0.93, ""Reception Service"": 0.05, ""Referral, Specialist and Hospital Coordination"": 0.02, ""Remote Consultation"": 0.03, ""Respect, Dignity, Privacy and Inclusion"": 0.02, ""Staff Kindness and Empathy"": 0.03, ""Staff Professionalism and Knowledge"": 0.06, ""Telephone Access"": 0.03, ""Tests, Investigations and Results"": 0.02, ""Treatment Effectiveness and Safety"": 0.03, ""Vaccinations and Immunisations"": 0.02, ""Waiting Time at the Surgery"": 0.1, ""Website and Practice Information"": 0.03}",1.88,0.82,2.83,0.83,1.86,0.77
7/30/26 10:38,Very good,On time fast very polite staff,Earls-Court-Medical-Centre,Brompton-Health-PCN,Positive,1.0,Waiting Time at the Surgery,0.57,Staff Kindness and Empathy,"{""Appointment Availability and Lead Times"": 0.14, ""Clinical Assessment and Diagnosis"": 0.02, ""Consultation Communication and Listening"": 0.18, ""Digital Booking and Online Systems"": 0.02, ""Facilities, Cleanliness and Environment"": 0.02, ""Feedback and Complaints Handling"": 0.03, ""Follow-up and Continuity of Care"": 0.02, ""Mental Health Support"": 0.01, ""Overall Service and Practice"": 0.41, ""Patient Information and Education"": 0.02, ""Physical Accessibility"": 0.02, ""Prescriptions and Medication Management"": 0.02, ""Reception Service"": 0.34, ""Referral, Specialist and Hospital Coordination"": 0.02, ""Remote Consultation"": 0.02, ""Respect, Dignity, Privacy and Inclusion"": 0.1, ""Staff Kindness and Empathy"": 0.69, ""Staff Professionalism and Knowledge"": 0.57, ""Telephone Access"": 0.02, ""Tests, Investigations and Results"": 0.02, ""Treatment Effectiveness and Safety"": 0.02, ""Vaccinations and Immunisations"": 0.01, ""Waiting Time at the Surgery"": 0.7, ""Website and Practice Information"": 0.02}",2.18,0.82,0.0,1.0,0.0,1.0
11/7/25 9:56,Very good,Friendly at reception I collected a prescription,Stanhope-Mews-Surgery,Brompton-Health-PCN,Positive,0.64,Reception Service,0.93,Staff Kindness and Empathy,"{""Appointment Availability and Lead Times"": 0.02, ""Clinical Assessment and Diagnosis"": 0.02, ""Consultation Communication and Listening"": 0.05, ""Digital Booking and Online Systems"": 0.02, ""Facilities, Cleanliness and Environment"": 0.03, ""Feedback and Complaints Handling"": 0.03, ""Follow-up and Continuity of Care"": 0.03, ""Mental Health Support"": 0.02, ""Overall Service and Practice"": 0.18, ""Patient Information and Education"": 0.04, ""Physical Accessibility"": 0.02, ""Prescriptions and Medication Management"": 0.31, ""Reception Service"": 0.72, ""Referral, Specialist and Hospital Coordination"": 0.02, ""Remote Consultation"": 0.02, ""Respect, Dignity, Privacy and Inclusion"": 0.09, ""Staff Kindness and Empathy"": 0.68, ""Staff Professionalism and Knowledge"": 0.18, ""Telephone Access"": 0.02, ""Tests, Investigations and Results"": 0.02, ""Treatment Effectiveness and Safety"": 0.02, ""Vaccinations and Immunisations"": 0.01, ""Waiting Time at the Surgery"": 0.02, ""Website and Practice Information"": 0.02}",1.01,0.97,0.01,0.99,0.0,1.0
6/14/26 10:35,Very good,Professional physician assistant I felt I was listened to and not rushed I got the advice I needed Very informative Thank you,The-Good-Practice,Brompton-Health-PCN,Positive,1.0,Consultation Communication and Listening,1.0,Staff Professionalism and Knowledge | Patient Information and Education,"{""Appointment Availability and Lead Times"": 0.02, ""Clinical Assessment and Diagnosis"": 0.07, ""Consultation Communication and Listening"": 0.89, ""Digital Booking and Online Systems"": 0.01, ""Facilities, Cleanliness and Environment"": 0.02, ""Feedback and Complaints Handling"": 0.03, ""Follow-up and Continuity of Care"": 0.04, ""Mental Health Support"": 0.02, ""Overall Service and Practice"": 0.32, ""Patient Information and Education"": 0.82, ""Physical Accessibility"": 0.02, ""Prescriptions and Medication Management"": 0.03, ""Reception Service"": 0.03, ""Referral, Specialist and Hospital Coordination"": 0.02, ""Remote Consultation"": 0.02, ""Respect, Dignity, Privacy and Inclusion"": 0.19, ""Staff Kindness and Empathy"": 0.54, ""Staff Professionalism and Knowledge"": 0.72, ""Telephone Access"": 0.02, ""Tests, Investigations and Results"": 0.02, ""Treatment Effectiveness and Safety"": 0.05, ""Vaccinations and Immunisations"": 0.01, ""Waiting Time at the Surgery"": 0.03, ""Website and Practice Information"": 0.02}",2.58,0.65,0.0,1.0,0.0,1.0
5/29/25 14:01,Very good,Dr PERSON is a very professional and respected doctor As always I had a very good experience with him He showed alot of sympathy and manged to prescribe the right medication for my symptom Thank you,Earls-Court-Surgery,Brompton-Health-PCN,Positive,1.0,Staff Professionalism and Knowledge,0.91,Prescriptions and Medication Management | Staff Kindness and Empathy,"{""Appointment Availability and Lead Times"": 0.02, ""Clinical Assessment and Diagnosis"": 0.24, ""Consultation Communication and Listening"": 0.46, ""Digital Booking and Online Systems"": 0.01, ""Facilities, Cleanliness and Environment"": 0.02, ""Feedback and Complaints Handling"": 0.02, ""Follow-up and Continuity of Care"": 0.08, ""Mental Health Support"": 0.02, ""Overall Service and Practice"": 0.22, ""Patient Information and Education"": 0.05, ""Physical Accessibility"": 0.02, ""Prescriptions and Medication Management"": 0.81, ""Reception Service"": 0.02, ""Referral, Specialist and Hospital Coordination"": 0.02, ""Remote Consultation"": 0.02, ""Respect, Dignity, Privacy and Inclusion"": 0.09, ""Staff Kindness and Empathy"": 0.66, ""Staff Professionalism and Knowledge"": 0.62, ""Telephone Access"": 0.02, ""Tests, Investigations and Results"": 0.02, ""Treatment Effectiveness and Safety"": 0.55, ""Vaccinations and Immunisations"": 0.01, ""Waiting Time at the Surgery"": 0.02, ""Website and Practice Information"": 0.02}",2.87,0.89,0.0,1.0,0.0,1.0
9/24/24 8:24,Very good,I feel happy and grateful with your services,Stanhope-Mews-Surgery,Brompton-Health-PCN,Positive,1.0,Overall Service and Practice,1.0,,"{""Appointment Availability and Lead Times"": 0.02, ""Clinical Assessment and Diagnosis"": 0.02, ""Consultation Communication and Listening"": 0.03, ""Digital Booking and Online Systems"": 0.02, ""Facilities, Cleanliness and Environment"": 0.02, ""Feedback and Complaints Handling"": 0.02, ""Follow-up and Continuity of Care"": 0.02, ""Mental Health Support"": 0.04, ""Overall Service and Practice"": 0.41, ""Patient Information and Education"": 0.02, ""Physical Accessibility"": 0.01, ""Prescriptions and Medication Management"": 0.02, ""Reception Service"": 0.03, ""Referral, Specialist and Hospital Coordination"": 0.02, ""Remote Consultation"": 0.02, ""Respect, Dignity, Privacy and Inclusion"": 0.02, ""Staff Kindness and Empathy"": 0.08, ""Staff Professionalism and Knowledge"": 0.03, ""Telephone Access"": 0.02, ""Tests, Investigations and Results"": 0.02, ""Treatment Effectiveness and Safety"": 0.04, ""Vaccinations and Immunisations"": 0.02, ""Waiting Time at the Surgery"": 0.02, ""Website and Practice Information"": 0.02}",2.58,0.65,0.0,1.0,0.0,1.0
3/10/25 16:21,Very good,Quick efficient and no waiting time,The-Chelsea-Practice,Brompton-Health-PCN,Positive,0.99,Waiting Time at the Surgery,0.98,Appointment Availability and Lead Times,"{""Appointment Availability and Lead Times"": 0.68, ""Clinical Assessment and Diagnosis"": 0.02, ""Consultation Communication and Listening"": 0.03, ""Digital Booking and Online Systems"": 0.03, ""Facilities, Cleanliness and Environment"": 0.02, ""Feedback and Complaints Handling"": 0.02, ""Follow-up and Continuity of Care"": 0.02, ""Mental Health Support"": 0.01, ""Overall Service and Practice"": 0.5, ""Patient Information and Education"": 0.02, ""Physical Accessibility"": 0.02, ""Prescriptions and Medication Management"": 0.03, ""Reception Service"": 0.16, ""Referral, Specialist and Hospital Coordination"": 0.02, ""Remote Consultation"": 0.02, ""Respect, Dignity, Privacy and Inclusion"": 0.02, ""Staff Kindness and Empathy"": 0.02, ""Staff Professionalism and Knowledge"": 0.04, ""Telephone Access"": 0.02, ""Tests, Investigations and Results"": 0.04, ""Treatment Effectiveness and Safety"": 0.03, ""Vaccinations and Immunisations"": 0.02, ""Waiting Time at the Surgery"": 0.86, ""Website and Practice Information"": 0.03}",2.11,0.84,0.0,1.0,0.01,0.99
9/26/24 12:25,Very good,I am so happy and proud to be a patient at the Stanhope Mews Surgery Everyone from the receptionist to the amazing Dr s including Dr PERSON are massively dedicated always finding time in their hectic schedule to speak cajole and dispense advise on any minor or major health issues for which I am eternally grateful,Stanhope-Mews-Surgery,Brompton-Health-PCN,Positive,1.0,Staff Kindness and Empathy,0.52,Consultation Communication and Listening,"{""Appointment Availability and Lead Times"": 0.07, ""Clinical Assessment and Diagnosis"": 0.08, ""Consultation Communication and Listening"": 0.66, ""Digital Booking and Online Systems"": 0.02, ""Facilities, Cleanliness and Environment"": 0.02, ""Feedback and Complaints Handling"": 0.02, ""Follow-up and Continuity of Care"": 0.12, ""Mental Health Support"": 0.02, ""Overall Service and Practice"": 0.52, ""Patient Information and Education"": 0.48, ""Physical Accessibility"": 0.02, ""Prescriptions and Medication Management"": 0.03, ""Reception Service"": 0.32, ""Referral, Specialist and Hospital Coordination"": 0.02, ""Remote Consultation"": 0.02, ""Respect, Dignity, Privacy and Inclusion"": 0.04, ""Staff Kindness and Empathy"": 0.76, ""Staff Professionalism and Knowledge"": 0.59, ""Telephone Access"": 0.03, ""Tests, Investigations and Results"": 0.02, ""Treatment Effectiveness and Safety"": 0.07, ""Vaccinations and Immunisations"": 0.02, ""Waiting Time at the Surgery"": 0.05, ""Website and Practice Information"": 0.02}",3.82,0.85,0.0,1.0,0.04,0.96
7/15/26 11:17,Very good,I m a new patient and so far my experience has been very good,Health-Partners-at-Violet-Melchett,Brompton-Health-PCN,Positive,1.0,Overall Service and Practice,1.0,,"{""Appointment Availability and Lead Times"": 0.02, ""Clinical Assessment and Diagnosis"": 0.03, ""Consultation Communication and Listening"": 0.04, ""Digital Booking and Online Systems"": 0.02, ""Facilities, Cleanliness and Environment"": 0.02, ""Feedback and Complaints Handling"": 0.02, ""Follow-up and Continuity of Care"": 0.03, ""Mental Health Support"": 0.02, ""Overall Service and Practice"": 0.46, ""Patient Information and Education"": 0.03, ""Physical Accessibility"": 0.02, ""Prescriptions and Medication Management"": 0.02, ""Reception Service"": 0.03, ""Referral, Specialist and Hospital Coordination"": 0.02, ""Remote Consultation"": 0.02, ""Respect, Dignity, Privacy and Inclusion"": 0.02, ""Staff Kindness and Empathy"": 0.04, ""Staff Professionalism and Knowledge"": 0.04, ""Telephone Access"": 0.02, ""Tests, Investigations and Results"": 0.02, ""Treatment Effectiveness and Safety"": 0.04, ""Vaccinations and Immunisations"": 0.01, ""Waiting Time at the Surgery"": 0.02, ""Website and Practice Information"": 0.02}",2.05,0.91,0.0,1.0,0.0,1.0
6/1/25 16:44,Very good,As always every one is great,Health-Partners-at-Violet-Melchett,Brompton-Health-PCN,Positive,1.0,Overall Service and Practice,0.72,,"{""Appointment Availability and Lead Times"": 0.02, ""Clinical Assessment and Diagnosis"": 0.01, ""Consultation Communication and Listening"": 0.03, ""Digital Booking and Online Systems"": 0.02, ""Facilities, Cleanliness and Environment"": 0.02, ""Feedback and Complaints Handling"": 0.02, ""Follow-up and Continuity of Care"": 0.02, ""Mental Health Support"": 0.02, ""Overall Service and Practice"": 0.15, ""Patient Information and Education"": 0.02, ""Physical Accessibility"": 0.01, ""Prescriptions and Medication Management"": 0.02, ""Reception Service"": 0.03, ""Referral, Specialist and Hospital Coordination"": 0.02, ""Remote Consultation"": 0.02, ""Respect, Dignity, Privacy and Inclusion"": 0.02, ""Staff Kindness and Empathy"": 0.14, ""Staff Professionalism and Knowledge"": 0.08, ""Telephone Access"": 0.02, ""Tests, Investigations and Results"": 0.02, ""Treatment Effectiveness and Safety"": 0.02, ""Vaccinations and Immunisations"": 0.01, ""Waiting Time at the Surgery"": 0.02, ""Website and Practice Information"": 0.02}",2.36,0.66,0.0,1.0,0.0,1.0
8/15/24 18:57,Very good,i was satisfied the staff was kind and the service quick,Health-Partners-at-Violet-Melchett,Brompton-Health-PCN,Positive,1.0,Staff Kindness and Empathy,0.92,,"{""Appointment Availability and Lead Times"": 0.05, ""Clinical Assessment and Diagnosis"": 0.02, ""Consultation Communication and Listening"": 0.14, ""Digital Booking and Online Systems"": 0.02, ""Facilities, Cleanliness and Environment"": 0.02, ""Feedback and Complaints Handling"": 0.03, ""Follow-up and Continuity of Care"": 0.02, ""Mental Health Support"": 0.01, ""Overall Service and Practice"": 0.59, ""Patient Information and Education"": 0.02, ""Physical Accessibility"": 0.02, ""Prescriptions and Medication Management"": 0.02, ""Reception Service"": 0.18, ""Referral, Specialist and Hospital Coordination"": 0.02, ""Remote Consultation"": 0.02, ""Respect, Dignity, Privacy and Inclusion"": 0.08, ""Staff Kindness and Empathy"": 0.83, ""Staff Professionalism and Knowledge"": 0.24, ""Telephone Access"": 0.02, ""Tests, Investigations and Results"": 0.01, ""Treatment Effectiveness and Safety"": 0.02, ""Vaccinations and Immunisations"": 0.01, ""Waiting Time at the Surgery"": 0.47, ""Website and Practice Information"": 0.02}",1.83,0.85,0.0,1.0,0.0,1.0
4/23/24 18:54,Very good,It was all efficient friendly and quick,Stanhope-Mews-Surgery,Brompton-Health-PCN,Positive,1.0,Overall Service and Practice,0.75,,"{""Appointment Availability and Lead Times"": 0.09, ""Clinical Assessment and Diagnosis"": 0.02, ""Consultation Communication and Listening"": 0.15, ""Digital Booking and Online Systems"": 0.02, ""Facilities, Cleanliness and Environment"": 0.03, ""Feedback and Complaints Handling"": 0.03, ""Follow-up and Continuity of Care"": 0.02, ""Mental Health Support"": 0.02, ""Overall Service and Practice"": 0.55, ""Patient Information and Education"": 0.03, ""Physical Accessibility"": 0.02, ""Prescriptions and Medication Management"": 0.02, ""Reception Service"": 0.12, ""Referral, Specialist and Hospital Coordination"": 0.02, ""Remote Consultation"": 0.02, ""Respect, Dignity, Privacy and Inclusion"": 0.03, ""Staff Kindness and Empathy"": 0.42, ""Staff Professionalism and Knowledge"": 0.22, ""Telephone Access"": 0.02, ""Tests, Investigations and Results"": 0.02, ""Treatment Effectiveness and Safety"": 0.04, ""Vaccinations and Immunisations"": 0.02, ""Waiting Time at the Surgery"": 0.31, ""Website and Practice Information"": 0.02}",2.19,0.82,0.0,1.0,0.0,1.0
11/21/25 3:39,Neither good or poor,I was there to ask for a referral for my allergy The doctor was not very known about my condition and possible treatments I got no advice no referral I was asked to provide documents about my past exams Fair enough but I have allergy now The past can be useful but nothing was done to address the present referral to a specialist or other stuff of this kind,Scarsdale-Medical-Centre,Brompton-Health-PCN,Negative,1.0,"Referral, Specialist and Hospital Coordination",0.98,Follow-up and Continuity of Care | Consultation Communication and Listening | Staff Professionalism and Knowledge | Patient Information and Education,"{""Appointment Availability and Lead Times"": 0.03, ""Clinical Assessment and Diagnosis"": 0.54, ""Consultation Communication and Listening"": 0.6, ""Digital Booking and Online Systems"": 0.01, ""Facilities, Cleanliness and Environment"": 0.02, ""Feedback and Complaints Handling"": 0.05, ""Follow-up and Continuity of Care"": 0.61, ""Mental Health Support"": 0.01, ""Overall Service and Practice"": 0.41, ""Patient Information and Education"": 0.63, ""Physical Accessibility"": 0.02, ""Prescriptions and Medication Management"": 0.05, ""Reception Service"": 0.03, ""Referral, Specialist and Hospital Coordination"": 0.91, ""Remote Consultation"": 0.02, ""Respect, Dignity, Privacy and Inclusion"": 0.04, ""Staff Kindness and Empathy"": 0.07, ""Staff Professionalism and Knowledge"": 0.81, ""Telephone Access"": 0.02, ""Tests, Investigations and Results"": 0.4, ""Treatment Effectiveness and Safety"": 0.19, ""Vaccinations and Immunisations"": 0.02, ""Waiting Time at the Surgery"": 0.02, ""Website and Practice Information"": 0.02}",2.51,0.57,2.85,0.85,1.85,0.72
1/7/26 10:31,Very good,Short waiting times quick telephone response,Health-Partners-at-Violet-Melchett,Brompton-Health-PCN,Positive,0.92,Waiting Time at the Surgery,0.67,Telephone Access,"{""Appointment Availability and Lead Times"": 0.58, ""Clinical Assessment and Diagnosis"": 0.02, ""Consultation Communication and Listening"": 0.23, ""Digital Booking and Online Systems"": 0.02, ""Facilities, Cleanliness and Environment"": 0.02, ""Feedback and Complaints Handling"": 0.12, ""Follow-up and Continuity of Care"": 0.07, ""Mental Health Support"": 0.03, ""Overall Service and Practice"": 0.18, ""Patient Information and Education"": 0.03, ""Physical Accessibility"": 0.02, ""Prescriptions and Medication Management"": 0.03, ""Reception Service"": 0.51, ""Referral, Specialist and Hospital Coordination"": 0.03, ""Remote Consultation"": 0.1, ""Respect, Dignity, Privacy and Inclusion"": 0.02, ""Staff Kindness and Empathy"": 0.03, ""Staff Professionalism and Knowledge"": 0.06, ""Telephone Access"": 0.86, ""Tests, Investigations and Results"": 0.02, ""Treatment Effectiveness and Safety"": 0.02, ""Vaccinations and Immunisations"": 0.02, ""Waiting Time at the Surgery"": 0.86, ""Website and Practice Information"": 0.03}",1.76,0.74,0.05,0.95,0.04,0.96
